4515261824480283,J6p1QiNwD,"【瑞典新冠病例数日增幅历史新高】瑞典周四报告了1474个新冠病例，创单日增幅新高。截至周五上午，瑞典卫生官员报告了49,684例感染，4,854例死亡。瑞典验证了群体免疫的代价，勇气可嘉！ ",https://wx3.sinaimg.cn/large/761f3e86ly1gfqbh9j7mvj20k00hvdi4.jpg,,,2020-06-13,荣耀V10 我AI的快,1,0,0,,,1
4515248172762379,J6oFPbACv,【4月英国经济收缩了20.4%              是有记录以来的最大单月跌幅】与上个月比，GDP下降了20.4%。与2019年4月比，这一数字下降了24.5%。为啥疫情对英国经济影响这么大？是因为服务业的占比高吗？ ,https://wx2.sinaimg.cn/large/761f3e86ly1gfqa1jeh3kj20k01bfn2f.jpg,,,2020-06-13,荣耀V10 我AI的快,1,0,0,,,1
4514899348180968,J6fBcykf6,推特周四宣布删除了与中国政府有关的17万多个账户。称它们围绕香港抗议活动、疫情和其它话题发布了欺骗性的报道。该公司表示，这些账户“传播有利于中国的地缘政治故事”，因违反平台操纵政策而被删除。我的地盘一做主，去TMD各种自由 ,https://wx3.sinaimg.cn/large/761f3e86ly1gfp5r7gcryj20jx0bg402.jpg,,,2020-06-12,荣耀V10 我AI的快,1,2,4,,,1
4514893666307584,J6fs2qsTe,川普周四授权制裁国际刑事法院任何调查美国军队的官员，从而进一步阻止其在阿富汗战争罪的调查。在此项行政命令中，美国将禁止总部设在海牙的法庭对美军进行调查或起诉。对此，欧盟外交政策负责人博雷尔表示严重关切，而以色列总理内塔尼亚胡表示欢迎。国际法庭对美国就是块破抹布 ,https://wx2.sinaimg.cn/large/761f3e86ly1gfp4tb585qj20k0140gv6.jpg,,,2020-06-12,荣耀V10 我AI的快,0,0,0,,,1
4514611343256943,J686GdFhl,【美国的压力可能会加速大中华市场的增长】美国会正在考虑一项新法律，可能会迫使中国公司将其股票从美国交易所摘牌。与此同时，寻找长期增长机会的基金经理已越来越多地将目光投向中国，在疫情冲击全球经济增长之前就已如此。更多的IPO、投资基金和机构将转向香港和中国内地。 ,https://wx4.sinaimg.cn/large/761f3e86ly1gfo8yujl78j20k019yafc.jpg,,,2020-06-11,荣耀V10 我AI的快,1,0,0,,,1
4514534234049200,J666jgZnG,【川普竞选团队要求CNN为拜登领先的民调道歉】CNN总裁杰夫收到了由川普竞选团队的高级法律顾问詹娜和首席运营官签署的一封停止函，信中认为CNN的民意调查旨在通过有偏见的问卷和不公正的抽样来误导美国选民。说好的各种自由呢？ ,https://wx2.sinaimg.cn/large/761f3e86ly1gfnzvef6mtj20k00ltn09.jpg,,,2020-06-11,荣耀V10 我AI的快,2,0,0,,,1
4514175369544088,J5WLuE2QU,周二，几架中国苏-30战斗机越过了台湾海峡中线。前一天，美国海军一架C-40A 货运飞机从日本冲绳岛的美空军基地起飞，飞越了台湾的整个地区，飞机还飞越了东沙群岛，飞往泰国中部的乌塔堡空军基地。美台的切香肠战术，会切到谁的手？ ,https://wx1.sinaimg.cn/large/761f3e86ly1gfmurzcp0bj20k0140aku.jpg,,,2020-06-10,荣耀V10 我AI的快,1,10,0,,,1
4513806279174455,J5NabCuH5,【随着重新开放，美国22个州新冠病例激增】新病例激增最多的州是佛罗里达州。过去一周，每天报告的新增病例平均增加约46%，而该州大部分地区正进入重新开放的第二阶段。疫情、抗争和衰退的经济将把美国带向何处？ ,https://wx4.sinaimg.cn/large/761f3e86ly1gflo7y7hooj20k00mmtcw.jpg,,,2020-06-09,荣耀V10 我AI的快,1,0,0,,,1
4513443514028341,J5DJ5gTXf,【鲍威尔说：川普偏离了宪法】鲍威尔谴责川普：是民主的威胁，他的谎言和侮辱削弱了美国在世界的形象，他冒犯了世界上几乎所有人。川普在推特上称：鲍威尔是非常顽固的人，对把美国推入灾难性的中东战争负有很大责任。一个在联合国用洗衣服欺骗世界的人，指责川普撒谎成性，有点意思！ ,https://wx3.sinaimg.cn/large/761f3e86ly1gfkigeq31ij20k014012e.jpg,,,2020-06-08,荣耀V10 我AI的快,9,9,12,,,1
4513091667437169,J5uzAvcKl,【国务卿蓬佩奥指责中国利用乔治·弗洛伊德之死，称这种可笑的宣传不应该愚弄任何人】是民主党在利用乔治·弗洛伊德之死，好不好？是美国在香港暴乱时做的可笑的宣传现在无法愚弄任何人了，对不对？ ,https://wx1.sinaimg.cn/large/761f3e86ly1gfjecc8nmdj20k00jk41k.jpg,,,2020-06-07,荣耀V10 我AI的快,3,1,0,,,1
4512717349672473,J5kPQEAfD,【全球新冠患者平均每天新增10万多例】最后更新：2020年6月5日美东时间上午7点资料来源：约翰霍普金斯大学系统中心这个新增趋势太吓人了！ ,https://wx1.sinaimg.cn/large/761f3e86ly1gfi7fes84lj20k014045v.jpg,,,2020-06-06,荣耀V10 我AI的快,0,4,10,,,1
4512432381049822,J5dqe4p6C,【媒体报道有关弗洛伊德的抗议用时700多分钟，报道暴乱死亡只用了5分钟】西媒的理性、客观、公正一览无遗！ ,https://wx3.sinaimg.cn/large/761f3e86ly1gfhaogo75kj20k014048z.jpg,,,2020-06-05,荣耀V10 我AI的快,0,0,0,,,1
4512347365996054,J5bd6p9Qy,在美国释放了一名伊朗科学家后，一名在伊朗被拘留近两年的美国海军老兵周四飞离伊朗，尽管双方都否认这是一场交换。看看人家，特鲁多真的只配给川普舔鞋！ ,https://wx4.sinaimg.cn/large/761f3e86ly1gfh0y036h5j20k01407gt.jpg,,,2020-06-05,荣耀V10 我AI的快,1,0,1,,,1
4512128961318084,J55wQ5wTq,【汇丰银行和渣打银行公开支持中国为香港制定的国家安全法】它们知道面包的哪一面抹着黄油！ ,https://wx2.sinaimg.cn/large/761f3e86ly1gfgbwez5adj20k00ojq7g.jpg,,,2020-06-04,荣耀V10 我AI的快,3,4,0,,,1
4512021758539032,J52JVzPok,【奥巴马说，全国各地的抗议活动不像1968年的骚乱，有些人认为那次骚乱帮助尼克松当选】 ,https://wx2.sinaimg.cn/large/761f3e86ly1gffzkg7dc1j20k0140jxn.jpg,,,2020-06-04,荣耀V10 我AI的快,2,3,0,,,1
4511994050963709,J521f42HH,【马蒂斯痛斥川普：“我们正在见证三年没有成熟领导的后果”】前国防部长马蒂斯严厉指责川普是“我一生中第一位不想团结美国人民的总统”挑动民众恶斗骗选票的政客并不少见啊，美国不应该例外嘛 ,https://wx4.sinaimg.cn/large/761f3e86ly1gffwbwufq1j20k0140aj7.jpg,,,2020-06-04,荣耀V10 我AI的快,0,0,0,,,1
4511476880163779,J4Oz60GBB,【特鲁多拒绝邀请俄罗斯参加G7峰会】周一，加拿大总理特鲁多说：“俄罗斯入侵克里米亚后，被排除在G7之外。俄国对国际规则和规范的持续不尊重和蔑视，是它仍然置身于G7之外、并将继续置身于外的原因。”这个小土豆有点意思哈 ,https://wx2.sinaimg.cn/large/761f3e86ly1gfe8uqbr0oj20k0140th6.jpg,,,2020-06-02,荣耀V10 我AI的快,1,2,0,,,1
4511271725273934,J4Jecm7Zs,【川普誓言调动联邦资源“结束”骚乱：                               “我会为保护你们而战”】上周，川普你是怎么说香港国安法的呢？自己拉的屎趁热吃的味道好极了？ ,https://wx3.sinaimg.cn/large/761f3e86ly1gfdl80rglej20k0140tio.jpg,,,2020-06-02,荣耀V10 我AI的快,1,4,0,,,1
4511265802215293,J4J4E9iix,【美国骚乱继续，川普威胁要派军队】川普真的准备放“恶狗”了？ ,https://wx4.sinaimg.cn/large/761f3e86ly1gfdkqecz8pj20k014010s.jpg,,,2020-06-02,荣耀V10 我AI的快,2,0,0,,,1
4510980321789893,J4BEc7vDf,【香港股市涨幅超过3%                    中国5月份工厂活动扩张】香港恒生指数领涨亚洲主要股指，早盘大涨3.32%，人寿保险公司友邦保险(AIA)飙升5.97%。川普上周五宣布将采取行动，取消给香港的特殊待遇。这也太不给美国总统面子了吧？ ,https://wx2.sinaimg.cn/large/761f3e86ly1gfcnt1zoatj20k0147q7s.jpg,,,2020-06-01,荣耀V10 我AI的快,2,5,1,,,1
4510582076963389,J4rhRtduJ,【川普将G7会议至少推迟到9月】川普宣布，将把G7峰会至少推迟到9月，并希望邀请俄罗斯、澳大利亚、印度和韩国四国参加峰会。他说：“推迟会议，因为我认为G7峰会可能代表不了当前的世界。这是一组非常过时的国家组合。”川普也开始学着建群了？ ,https://wx3.sinaimg.cn/large/761f3e86ly1gfbdyc0glqj20k0140n5s.jpg,,,2020-05-31,荣耀V10 我AI的快,0,4,0,,,1
4510552611999532,J4qwl8oaw,中国用美国爆发的种族骚乱，回击了美国对香港自由的担忧。华春莹在twitter上简单地写道：“我无法呼吸”。 ,https://wx3.sinaimg.cn/large/761f3e86ly1gfbasxfmp2j20k0140dq1.jpg,,,2020-05-31,荣耀V10 我AI的快,1,6,0,,,1
4510345509665769,J4l8iEyvv,【默克尔表示不出席川普的面对面G7峰会】默克尔的勇气值得尊敬！ ,https://wx4.sinaimg.cn/large/761f3e86ly1gfamz7kewyj20k0140dos.jpg,,,2020-05-30,荣耀V10 我AI的快,16,6,23,,,1
4510261643973063,J4iX2gFzF,【美丽的风景线】你闹起来真好看，像春天的花一样把所有的烦恼所有的忧愁，统统都吹散你闹起来真好看，像夏天的阳光整个世界全部的时光，美得像画卷 ,https://wx4.sinaimg.cn/large/761f3e86ly1gfadgwbsoaj20k00t5jww.jpg,,,2020-05-30,荣耀V10 我AI的快,1,3,0,,,0
4510191934504013,J4h8BiTHn,【中印都拒绝美提供解决边境冲突的帮助                     川普声称与莫迪通话显然是撒谎】川普同学张嘴就来的毛病能不能改改？ ,https://wx1.sinaimg.cn/large/761f3e86ly1gfa5dfhjc2j20k00juju7.jpg,,,2020-05-30,荣耀V10 我AI的快,4,6,0,,,1
4510122901003260,J4flg4cZC,【川普采取行动取消对香港的特殊待遇】川普说:“我今天宣布的决定将影响到我们与香港达成的全面协议，从引渡条约到我们的出口控制和技术。”“我们将采取行动，取消香港作为中国内地一个单独的海关和旅游地区所享有的优惠待遇。”香港开始全面回归中国了！ ,https://wx2.sinaimg.cn/large/761f3e86ly1gf9xc4gx6zj20k0140wmr.jpg,,,2020-05-30,荣耀V10 我AI的快,2,0,0,,,1
4510119796342871,J4fgfqC4n,【川普说：美国将切断与WHO的联系】这么任性真的好吗？ ,https://wx2.sinaimg.cn/large/761f3e86ly1gf9x4dt860j20k0140477.jpg,,,2020-05-30,荣耀V10 我AI的快,0,0,0,,,1
4509845846406186,J488oqSxA,美国这是要与中国的教育脱钩吗？欧洲和澳洲会不会跟进呢？我猜不会！ ,https://wx1.sinaimg.cn/large/761f3e86ly1gf91ownq0wj22bv2gfkjn.jpg,,,2020-05-29,荣耀V10 我AI的快,0,0,0,,,1
4509817370090972,J47ot0nFi,【川普在推特被标记后，签署了针对社交媒体的命令】周四川普发布命令，要求剥夺推特等社交媒体在其平台上发布内容的法律豁免权。如果得以执行，将颠覆之前的惯例，互联网平台将被视为发布者，要对用户的内容负责。此前，推特首次给川普的两条推文贴上了标签，并附上事实核查通知，称其具有误导性。 ,https://wx1.sinaimg.cn/large/761f3e86ly1gf8y4hal6pj20k0140qek.jpg,,,2020-05-29,荣耀V10 我AI的快,1,0,0,,,1
4509453108704910,J3XUWAwxM,蓬佩奥周三向国会表示，他确认香港不再享有高度自治。这可能导致香港失去与美国特殊的贸易地位，损害其作为国际金融中心。川普和国会将决定对此采取何种行动。专家警告说，结束特殊贸易关系将给美国企业带来成本，使本已脆弱的全球经济雪上加霜，对香港的伤害将超过对中国内地的伤害。 ,https://wx1.sinaimg.cn/large/761f3e86ly1gf7sglzwbyj20k00nhdk8.jpg,,,2020-05-28,荣耀V10 我AI的快,1,0,0,,,1
4509447526272373,J3XLWqjJj,加拿大选择了美国。“这一决定粉碎了迅速修补加中关系的希望。” ,https://wx4.sinaimg.cn/large/761f3e86ly1gf7ry5rjwpj20k014012t.jpg,,,2020-05-28,荣耀V10 我AI的快,0,5,0,,,1
4509240783593105,J3Souf4Jj,【分析人士说，美国的威胁不能阻止中国在香港实施国家安全法】既然不能阻止，那么，美国的后续动作是什么呢？会不会说大话使小钱呢？让那些希望美军登陆的失望至极呢？ ,https://wx2.sinaimg.cn/large/761f3e86ly1gf744ct7aoj20k01q7n50.jpg,,,2020-05-27,荣耀V10 我AI的快,2,2,0,,,1
4509085985560539,J3OmOnky7,【拜登抨击川普嘲笑他戴口罩】周二，拜登称川普为“绝对的傻瓜”，因为川普在推特上分享了一条嘲笑拜登在阵亡将士纪念日戴面具的推文。双方的人身攻击，是否有点低级趣味呢？ ,https://wx2.sinaimg.cn/large/761f3e86ly1gf6me1qz20j20k00kftbn.jpg,,,2020-05-27,荣耀V10 我AI的快,1,0,0,,,1
4508882841695554,J3J5a775E,【由于香港立法机构未能兑现承诺，中国正着手制定国家安全法】根据基本法第23条，香港政府必须起草国家安全法，但一直未能实现。2003年香港试图对国家安全立法，但遭到大规模抗议，最终搁置。全国人大代表陈智霖说：“事实上，我们已经23年没有提交国家安全法，这是立法机构的一个失败。” ,https://wx2.sinaimg.cn/large/761f3e86ly1gf5z0woeukj20k01s0gts.jpg,,,2020-05-26,荣耀V10 我AI的快,2,0,0,,,1
4508736859816811,J3FhHFbNF,【巴西进入又一个黑暗的一周】周日，巴西卫生部宣布在过去24小时内新增确诊病例15813例，总病例数超过36.3万，已有超过22000名巴西人死亡。总统博尔索纳罗会不会因为抗疫不力而下台？ ,https://wx3.sinaimg.cn/large/761f3e86ly1gf5ia3r7lej20k0140thx.jpg,,,2020-05-26,荣耀V10 我AI的快,2,0,0,,,1
4508511491116752,J3zqd4Gw8,【香港抗议者承诺创造“奇迹”，但中国的国家安全法似乎无法阻止】中国的国家安全法无法阻止的判断相当正确，CNN最近政治觉悟提高很快哈 ,https://wx4.sinaimg.cn/large/761f3e86ly1gf4sftkrblj20k00ne42p.jpg,,,2020-05-25,荣耀V10 我AI的快,4,0,0,,,1
4508175640186861,J3qGw0MBT,【中国警告美国将关系推向“新冷战的边缘”】这一提法是否表明中方的态度有变化？ ,https://wx3.sinaimg.cn/large/761f3e86ly1gf3puq4bfqj20k0140akm.jpg,,,2020-05-24,荣耀V10 我AI的快,1,7,0,,,1
4507719174173490,J3eOhhvIm,【美国成功测试了一种可以摧毁飞行中飞机的激光武器】5月16日，美国波特兰号两栖运输舰在太平洋上执行“第一个系统级高能固体激光器”，使一架飞行中的无人机瘫痪。武器的功率没有披露，但国际战略研究所预计是150千瓦。2017年，美国在波斯湾两栖运输舰庞塞号上进行过30千瓦激光武器实验。 ,https://wx1.sinaimg.cn/large/761f3e86ly1gf29a14z7sj20k0140guj.jpg,,,2020-05-23,荣耀V10 我AI的快,1,2,0,,,1
4507635829971246,J3cDQFPYy,【WHO：南美已成为疫情的新中心】巴西卫生部周四表示，新冠病毒死亡人数超过2万，全国最高单日死亡人数1188人。巴西的病例已超过31万，专家表示，因为缺乏检测，实际数字可能要高得多。随着感染和死亡曲线的急剧上升，这个2.1亿人口的国家在总病例数上排名世界第三，仅次于美、俄。 ,https://wx3.sinaimg.cn/large/761f3e86ly1gf1zqbwjexj20k01404ap.jpg,,,2020-05-23,荣耀V10 我AI的快,0,2,0,,,1
4507304688652830,J341KAiZM,【川普让美国退出《开放天空条约》】这是川普上任以来第三次退出的重要武器控制协议。他放弃了2015年达成的防止伊朗推进其核武器计划的《全面协议》，以及1988年与俄罗斯签署的《中程核力量条约》目前北约的反应好像比毛熊还大 ,https://wx1.sinaimg.cn/large/761f3e86ly1gf0xjyesg1j20k0140wmy.jpg,,,2020-05-22,荣耀V10 我AI的快,1,0,0,,,1
4507290244623828,J33EsjoRS,看看踩到谁的尾巴了，凡是叫唤的，必将被打脸！ ,"https://wx4.sinaimg.cn/large/761f3e86ly1gf0w6xxqirj20k010643u.jpg,https://wx1.sinaimg.cn/large/761f3e86ly1gf0w6yi0dpj20k00ryaez.jpg,https://wx4.sinaimg.cn/large/761f3e86ly1gf0w6yxfq7j20k00gkq4p.jpg",,,2020-05-22,荣耀V10 我AI的快,2,4,0,,,1
4506613887403091,J2M3yv3SH,520中国 ,https://wx2.sinaimg.cn/large/761f3e86ly1geyqkec2t2j22o03k0x6r.jpg,,,2020-05-20,荣耀V10 我AI的快,3,0,0,,,1
4506563115935253,J2KJFoU1T,【当川普在信中攻击WHO时，其他会员国仍对WHO保持忠诚】难怪川普感叹：川普还是以前的川普，Fox不是以前的Fox了！ ,https://wx1.sinaimg.cn/large/761f3e86ly1geykjr64hsj20k01407ep.jpg,,,2020-05-20,荣耀V10 我AI的快,0,0,0,,,1
4506559613361950,J2KE1e6B0,【川普称美国新冠感染人数是荣誉勋章】川普赞扬美国新冠病例的数量巨大，说这意味着美国的检测数量巨大。丧事喜办达到了新的高度，520川普！ ,https://wx1.sinaimg.cn/large/761f3e86ly1geyk602ae1j20k00tcjw5.jpg,,,2020-05-20,荣耀V10 我AI的快,1,2,0,,,1
4506270016774161,J2D6VsqgF,【川普威胁要从WHO永久撤资】川普给WHO限期30天，来改善和“展示独立于中国”。这是给美国续交会费找台阶吗？ ,https://wx2.sinaimg.cn/large/761f3e86ly1gexmv2vuh4j20k00quq7k.jpg,,,2020-05-19,荣耀V10 我AI的快,1,0,0,,,1
4506196570324504,J2Bct1mpW,周一，川普出人意料地透露，他正在服用羟基氯喹。他说作为一种预防措施已经有一周半了。每天一片并且搭配锌片。没有喝消毒水还是差点意思哈 ,https://wx4.sinaimg.cn/large/761f3e86ly1gexede3s6tj20k0140aiv.jpg,,,2020-05-19,荣耀V10 我AI的快,2,0,0,,,1
4505842444942332,J2rZikJJ2,【欧洲领导人警告说：疫苗不会很快出现，也许永远不会出现】意大利总理和英国首相分别发出严厉警告，直言不讳地告诉本国公民，世界需要适应冠状病毒的生活，不能等待疫苗的研发来拯救世界。大家确实要做好准备，适应长期生活在与冠状病毒共存的世界里！ ,https://wx4.sinaimg.cn/large/761f3e86ly1gew9utatovj20k01a30xw.jpg,,,2020-05-18,荣耀V10 我AI的快,0,6,0,,,1
4505535179783677,J2jZHF3bf,【白宫说：是蓬佩奥建议川普解雇美国务院检察长的】周五，川普解雇了国务院监察长利尼克。一名民主党助理告诉NBC，利尼克正在调查蓬佩奥涉嫌滥用政治任命，为自己和妻子苏珊执行私人任务的行为。民主党议员已经对利尼克的去职展开调查。白宫的意思是要丢卒保车吗？ ,https://wx2.sinaimg.cn/large/761f3e86ly1gevaah9tvlj20k01qan4w.jpg,,,2020-05-17,荣耀V10 我AI的快,1,0,0,,,1
4505478506166689,J2iwipSeJ,【奥巴马：领导者甚至都没有假装在负责】目前西方各大媒体，都报道了美国前总统奥巴马对现任美国政府应对疫情举措的批评。这反应出西方社会对疫情的焦虑，是否也包含对美国逐渐失去领导力的焦虑？ ,https://wx4.sinaimg.cn/large/761f3e86ly1gev3tdfcbsj20k01407db.jpg,,,2020-05-17,荣耀V10 我AI的快,1,0,0,,,1
4505466169952861,J2icoFLc1,【被疫情逼得走投无路的川普又回到了一个熟悉的策略：攻击奥巴马】这个“奥巴马门”是否表明，川普竞选阵营之前甩锅中国的策略不成功呢？ ,https://wx3.sinaimg.cn/large/761f3e86ly1gev2npud10j20k0140thv.jpg,,,2020-05-17,荣耀V10 我AI的快,1,0,0,,,1
4505118604912554,J299OkBYK,【限期一周：黑客索要4200万美元交换川普的黑材料】黑客组织REvil最初想从一家著名的娱乐律师事务所获得2100万美元，因为他们获得了一些名人客户的高度机密文件。但是最近他们的要求翻了一番，现在他们声称有美国总统川普的“大量的秘密”。周末八卦，爱信不信 ,https://wx4.sinaimg.cn/large/761f3e86ly1getyp6j32dj20k010udm8.jpg,,,2020-05-16,荣耀V10 我AI的快,1,0,0,,,1
4505114276836022,J292PsGmq,新发布的经济数据显示，美国经济状况糟糕，即使封锁解除，经济也可能无法迅速反弹。疫情已导致近8.6万人死亡，约3650万人失业。美国商务部公布，4月零售销售下滑16.4%，为有记录以来最大单月降幅。使该指数回到了2012年8月的水平。考验川普粉丝忠诚度的计时赛开始了 ,https://wx3.sinaimg.cn/large/761f3e86ly1gety3ieum7j20k0140aie.jpg,,,2020-05-16,荣耀V10 我AI的快,9,0,6,,,1
4504827142591354,J21zIaS82,【台积电将投资120亿美元在美建芯片工厂】周五台积电表示，将在亚利桑那州建立一家芯片工厂。此工厂将专门生产5纳米芯片。全球产业链调整开始了，还是破财免灾？ ,https://wx3.sinaimg.cn/large/761f3e86ly1get14buc7hj20k01407a9.jpg,,,2020-05-15,荣耀V10 我AI的快,0,2,0,,,1
4504796788573144,J20MKzYgw,【随着疫情引发的紧张局势加剧，美国加大了对中国的军事压力】这是美国失去领导抗疫地位后的必然反应 ,https://wx1.sinaimg.cn/large/761f3e86ly1gesxpnqvq2j20k00pcae2.jpg,,,2020-05-15,荣耀V10 我AI的快,3,7,0,,,1
4504394295281880,J1Qjzma3C,【美国说中国试图窃取新冠疫苗】不懂就问：美国有新冠疫苗吗？@美国驻华大使馆 ,https://wx2.sinaimg.cn/large/761f3e86ly1gernkut8bmj20k0140alz.jpg,,,2020-05-14,荣耀V10 我AI的快,1,2,0,,美国驻华大使馆,1
4504383452594158,J1Q25aSRg,【川普说：Fauci关于重新开放的警告是“不可结束的”】嗯，无非就是多死些人呗 ,https://wx1.sinaimg.cn/large/761f3e86ly1germ3whn4jj20k0140dmk.jpg,,,2020-05-14,荣耀V10 我AI的快,1,0,1,,,1
4504026559063882,J1GKrC1VE,【福奇与川普意见相左，说过快重开很危险】周二美国政府首席传染病专家警告国会：过早结束封锁可能会引发新的无法控制的疫情。在回答参议员桑德斯提问时，福奇承认美国新冠死亡人数可能高于官方公布的8万多。他说这是因为很多人，尤其是在受灾最严重的纽约，在被送往医院之前在家去世了。 ,https://wx1.sinaimg.cn/large/761f3e86ly1geqh1a46q0j20k0140dov.jpg,,,2020-05-13,荣耀V10 我AI的快,1,0,0,,,1
4504015355979673,J1Gsnp5Al,【因冠状病毒起源的口角升温，中国暂停进口澳大利亚牛肉】可是，澳大利亚贸易部长西蒙•伯明翰称暂停进口“令人失望”，但否认这是对澳大利亚要求对冠状病毒起源调查的报复。这是澳洲打脸FOX，还是FOX打脸澳洲呢？ ,https://wx3.sinaimg.cn/large/761f3e86ly1geqfwa5g4vj20k0140483.jpg,,,2020-05-13,荣耀V10 我AI的快,4,0,0,,,1
4503660045002850,J1xdikZt8,【在记者就美国冠状病毒测试问题向川普提出质疑后，川普突然结束了新闻发布会】川普总统在冠状病毒新闻发布会上对两名记者大发雷霆。川普指责CBS的记者（华裔）提出了“一个令人讨厌的问题”，然后拒绝回答另一名CNN女记者提出的问题。以后对“假新闻”都这么怼了？ ,https://wx3.sinaimg.cn/large/761f3e86ly1gepb5je75fj20k0140dmv.jpg,,,2020-05-12,荣耀V10 我AI的快,2,1,1,,,1
4503077312522908,J1i3paAk4,周六，特斯拉首席执行官埃隆·马斯克威胁要将公司总部迁往德克萨斯州或内华达州，因为这些地方的“封城”规定不那么严格。真的无法设想，中国哪家公司会因为当地的封城令而威胁要外迁。视人命如草芥还冠冕堂皇，与当年资本原始积累时的嘴脸毫无二致。 ,https://wx2.sinaimg.cn/large/761f3e86ly1genfzboxh2j20k00oudj9.jpg,,,2020-05-10,荣耀V10 我AI的快,1,0,0,,,1
4502946517219087,J1eErui0T,周五，美国阻止了联合国安理会一项决议，该决议呼吁在新冠疫情下全球实现停火。理由是中国推动决议中提及WHO。美国这种任性的癫狂，真让它的粉丝们绝望 ,https://wx1.sinaimg.cn/large/761f3e86ly1gen12iuldaj20k00l60wb.jpg,,,2020-05-10,荣耀V10 我AI的快,2,0,0,,,1
4502573959212291,J14XxCExl,【北京媒体呼吁在美国继续围攻中国的情况下，将中国的核弹头翻两翻】胡总的呼吁可以视为是对美国等对中国“追责”的直白的回应？中国一再宣称现在的中国不是晚清，西方某些人似乎听不大懂。 ,https://wx3.sinaimg.cn/large/761f3e86ly1gelukg7ldzj20k0156wlr.jpg,,,2020-05-09,荣耀V10 我AI的快,1,1,0,,,1
4502398838277299,J10p5yJiP,【中国支持WHO领导的全球疫情应对评估】用这招来应对美国等要求的“独立”调查看似中规中矩，实际上变被动为主动，随着时间推移和事态变化。最后能否成行，对谁有利还有待观察。 ,https://wx2.sinaimg.cn/large/761f3e86ly1gela7adw11j20k0140n7u.jpg,,,2020-05-08,荣耀V10 我AI的快,1,0,0,,,1
4501930493185439,J0OdHdmG3,【民众对政府应对冠状病毒的能力进行排名，中国得分最高】研究机构Blackbox Research和Toluna周三发布了“全球危机感知”指数。它们4月3～19日对23个国家的1.25万人进行了调查，受访者根据四个关键指标对自己的国家进行评级：国家政治领导力、企业领导力、社区和媒体。100分满分，中国得分85排名最高 ,"https://wx2.sinaimg.cn/large/761f3e86ly1gejs5juvpzj20k0140teb.jpg,https://wx4.sinaimg.cn/large/761f3e86ly1gejs5kbz7wj20k014042f.jpg,https://wx4.sinaimg.cn/large/761f3e86ly1gejs5ks90jj20k0140djc.jpg",,,2020-05-07,荣耀V10 我AI的快,1,0,0,,,1
4501850760774007,J0M963flZ,川普说：冠状病毒疫情比珍珠港事件或911事件更严重。川普重申了他对中国的批评，他说，疫情本应该在中国停止。那么，疫情为啥不应该在美国停止？1月30日，世卫组织宣布疫情构成国际关注的突发公共卫生事件时，中国境外确诊病例只有82例。美国和欧洲分别只有5例和10例，且没有死亡病例。 ,https://wx4.sinaimg.cn/large/761f3e86ly1gejj37j1zhj20k014012i.jpg,,,2020-05-07,荣耀V10 我AI的快,1,0,0,,,1
4501571537603907,J0ESJvU7F,【为何独立的新冠病毒调查对中国是没有法律依据的政治手段】联合国退休专家Alfred de Zayas认为：1.对病毒起源的调查应该晚些时候进行，且应该委托给WHO。因为《国际卫生条例》第56条规定通过WHO的斡旋解决争端2.美国绝不允许在自己的领土上进行此类调查3.参见禁止化学武器组织在叙利亚的行为 ,https://wx4.sinaimg.cn/large/761f3e86ly1geimsmz87nj20k012rtfx.jpg,,,2020-05-06,荣耀V10 我AI的快,2,0,1,,,1
4501489320918102,J0CK83QQ6,【福奇刚刚粉碎了川普冠状病毒起源的理论】目前看来，从病毒起源上陷害中国的把戏，在国际舞台上已经演不下去了。中国不是伊拉克，拿袋洗衣粉是糊弄不过去的。那么，美国下一个攻击中国的点会在哪儿呢？ ,https://wx1.sinaimg.cn/large/761f3e86ly1geidupm08xj20k00q20vt.jpg,,,2020-05-06,荣耀V10 我AI的快,1,0,0,,,1
4501145550442224,J0tNF1R2E,【法国医生说去年12月法国就有新冠患者了】巴黎塞纳河医院的研究小组在周日发表于《国际抗菌药物杂志》的报告中说:“2019年12月底，新型冠状病毒就已在法国传播了”该小组对12月2日至1月16日期间因流感样疾病入院患者的冰冻样本进行了冠状病毒检测。“一份来自42岁男子的样本呈阳性。” ,https://wx3.sinaimg.cn/large/761f3e86ly1geh9zh4ntuj20k00metbu.jpg,,,2020-05-05,荣耀V10 我AI的快,1,0,0,,,1
4501120133791658,J0t8FfUnM,【中国H-20隐形轰炸机将完成核三位一体                             可能在今年首次亮相】《南华早报》的一则消息被外媒热炒，Fox的这个图挺漂亮，比其他媒体的好看。 什么8000公里的航程，45吨的载弹量，都是猜的。 ,https://wx1.sinaimg.cn/large/761f3e86ly1geh7kesa6ej20k00tdjvn.jpg,,,2020-05-05,荣耀V10 我AI的快,2,2,0,,,1
4501105130598018,J0sKt2vzs,【担忧川普重燃中美贸易战，欧洲股市下跌】“周一，美中之间的紧张关系持续发酵，引发新一轮贸易战的担忧，股市随之下跌。欧元区主要股市收盘时跌幅超过3.5%。”是对中美贸易战的担忧，还是对欧洲重新开放经济的担忧呢？ ,https://wx3.sinaimg.cn/large/761f3e86ly1geh5p1j2hwj20k01407c0.jpg,,,2020-05-05,荣耀V10 我AI的快,2,0,0,,,1
4500824339093111,J0lrzC9x5,【美国政府报告评估                中国故意隐瞒冠状病毒的严重程度】1月23日武汉封城，这个迄今为止人类历史上最大规模的封城行动，是为了隐瞒病毒的严重程度？这是个冷笑话？ ,https://wx1.sinaimg.cn/large/761f3e86ly1geg8zbpp5aj20k00n141u.jpg,,,2020-05-04,荣耀V10 我AI的快,2,0,1,,,1
4500456296938595,J0bRXt72P,【五一假期（前两天）上海游客超百万】这种新闻由CNN发出来，那些中国尚未控制疫情的传言立刻烟消云散了吧？难怪川普说CNN帮助中国宣传呢 ,https://wx3.sinaimg.cn/large/761f3e86ly1gef38fdjjsj20k0140wqo.jpg,,,2020-05-03,荣耀V10 我AI的快,1,0,0,,,1
4500080172539557,J025jaEEB,【白宫阻止福奇在众议院的冠状病毒听证会上作证】白宫发言人说：卫生官员作证将适得其反。一个满世界嚷嚷要求调查疫情的政府，居然不允许自己的顶级科学家出席自己国会的听证会。它怕什么呢？对自己的国会也不能做到公开透明吗？ ,https://wx3.sinaimg.cn/large/761f3e86ly1gedvulf5a6j20k01cwwk2.jpg,,,2020-05-02,荣耀V10 我AI的快,1,0,0,,,1
4500023641692664,J00C876l2,据朝中社16日报道，朝鲜领导人金正恩周五出席了一家化肥厂的剪彩仪式。这是自上月外界开始猜测他的健康状况以来的首次公开露面。“当他出现时，所有的参与者都发出了雷鸣般的欢呼万岁!。”报道称，他还视察了工厂，并简要了解了生产流程。 ,https://wx2.sinaimg.cn/large/761f3e86ly1gedpi7dht2j20k0140ah9.jpg,,,2020-05-02,荣耀V10 我AI的快,3,2,0,,,1
4499701343601990,IFPGCf72C,【川普说有证据表明中国实验室与病毒有关                 威胁要对中国征收新关税】中美第一阶段经贸协议不要啦？红脖子的选票也不要啦？这真是个昏招。看来川普的选情真的不乐观啊。 ,https://wx1.sinaimg.cn/large/761f3e86ly1gecoh6zoumj20k0140dp2.jpg,,,2020-05-01,荣耀V10 我AI的快,2,4,0,,,1
4499428936075511,IFIBfpuw7,【川普说中国希望他输掉连任选举】川普说他相信中国将“将尽其所能”使他在竞选连任中失败。对此事俺坚信不疑。疫情刚刚稳定，中国就要开两会，一定是讨论谋划此事 ,https://wx1.sinaimg.cn/large/761f3e86ly1gebt8exkzvj20k016b435.jpg,,,2020-04-30,荣耀V10 我AI的快,1,25,0,,,1
4499369284486907,IFH32iPft,“开展国际调查要有依据。为什么这个调查只针对中国？有什么证据表明中国存在问题？为什么不去其他国家开展调查？” 外交部副部长回击美媒：中国也是病毒的受害者，而非同谋！ ,,,,2020-04-30,荣耀V10 我AI的快,2,0,0,,,1
4499298614195625,IFFd3hBtn,Facebook一季度营业收入增加18%Microsoft一季度销售增加15%Boeing裁员10%几家欢喜几家愁，看来疫情对制造业的影响远远大于对互联网业的。 ,"https://wx1.sinaimg.cn/large/761f3e86ly1gebeak4oq8j20k0140wkj.jpg,https://wx1.sinaimg.cn/large/761f3e86ly1gebeakegj5j20k01400yu.jpg,https://wx3.sinaimg.cn/large/761f3e86ly1gebeaklr2sj20k0140k1g.jpg",,,2020-04-30,荣耀V10 我AI的快,0,0,0,,,1
4499035933421374,IFynnem3s,【13亿人的印度是如何做到疫情只死了1千多人的呢？】作者认为唯一的原因就是早封城。当然，作者对印度的数据也有所怀疑，但是，他没敢象美国政客对中国那样满怀恶意的质疑。 ,https://wx1.sinaimg.cn/large/761f3e86ly1geak1eu36zj20k00p0n25.jpg,,,2020-04-29,荣耀V10 我AI的快,2,0,0,,,1
4498948481989437,IFw6k8lxH,【美国电影艺术与科学学院将允许未在影院上映的电影有资格获得2021年奥斯卡奖】这个思路好。建议国际奥委会、世锦赛、世界杯啥的都赶紧见贤思齐。按照个人（团队）成绩授予世界冠军、亚军，日本的奥运会就别开了！ ,https://wx2.sinaimg.cn/large/761f3e86ly1geaa2q8x9dj20k0140n3u.jpg,,,2020-04-29,荣耀V10 我AI的快,1,0,0,,,1
4498946146047913,IFw2ypnkZ,【Alphabet利润上升，尽管与疫情有关的广告下滑】谷歌母公司Alphabet周二公布，一季度利润和收入均有所增长，利润68亿美元，同比增长近3%，营收同比增长13%，至410亿美元。收入主要来自搜索、云计算产品和视频平台YouTube上的广告。谷歌的整体广告营收较上季增长10%。 ,https://wx4.sinaimg.cn/large/761f3e86ly1gea9poo74rj20k0140n7c.jpg,,,2020-04-29,荣耀V10 我AI的快,1,0,0,,,1
4498736971255084,IFqBb5gvi,【瑞典的防疫战略成功还是失败了呢？】瑞典的战略具体见图二截止到4月27日，每10万人口死亡人数：瑞典21人，丹麦7人，挪威和芬兰都是4人。瑞典人敢赌命，谁不服？ ,"https://wx4.sinaimg.cn/large/761f3e86ly1ge9lrms9enj20k00r1wj5.jpg,https://wx4.sinaimg.cn/large/761f3e86ly1ge9lrmzujoj20k0140qah.jpg,https://wx4.sinaimg.cn/large/761f3e86ly1ge9lrn7fb7j20k014045s.jpg",,,2020-04-28,荣耀V10 我AI的快,0,2,0,,,1
4498582084143328,IFmzmhnRS,对于在此次疫情中反华急先锋澳大利亚，中国必须杀鸡儆猴！ ,https://wx1.sinaimg.cn/large/761f3e86ly1ge940sjwjnj20k0140dq9.jpg,,,2020-04-28,荣耀V10 我AI的快,1,0,0,,,1
4498289284523334,IFeX6iYJ0,【川普否认正在考虑解雇卫生部长的报道并抨击媒体】民主党这招很厉害，将川普为抗疫不力在内阁中找替罪羊的路给断了。 ,https://wx1.sinaimg.cn/large/761f3e86ly1ge86dkr183j20k0140n6l.jpg,,,2020-04-27,荣耀V10 我AI的快,3,0,0,,,1
4498260800618399,IFeda2ASb,“中国今年计划发布'中国标准2035'，旨在影响从电信到人工智能等新一代技术的工作方式。”从中国制造2025到中国标准2035，我兔坚定地奔着自己的目标跑去！两岸猿声啼不住，轻舟已过万重山。 ,https://wx3.sinaimg.cn/large/761f3e86ly1ge83242uvij20k01jcdm7.jpg,,,2020-04-27,荣耀V10 我AI的快,2,0,1,,,1
4497887394537466,IF4uTj2oW,【川普在推特上抨击歪曲事实的媒体，称白宫新闻发布会浪费时间和精力】在疫情蔓延的美国，每天的白宫新闻发布会是川普竞选连任的得天独厚的舞台，可惜，注射消毒剂门让他演砸了。他真的舍得离开这个舞台吗？ ,https://wx3.sinaimg.cn/large/761f3e86ly1ge6w35fgigj20k014013g.jpg,,,2020-04-26,荣耀V10 我AI的快,0,0,0,,,1
4497864023192746,IF3TcdozU,WHO警告：感染冠状病毒的人不一定会因为抗体的存在而免于再感染。如果被WHO乌鸦嘴不幸言中了，搞群体免疫的国家怎么办？那些急于解封的又怎么办？ ,https://wx2.sinaimg.cn/large/761f3e86ly1ge6tl2p2dij20k00zz7bd.jpg,,,2020-04-26,荣耀V10 我AI的快,1,5,0,,,1
4497547358140567,IEVEry9Jt,【中国派遣了包括医学专家在内的小组为朝鲜的金提供咨询意见】神隐几天，比爆炸核弹还引人注目。 ,https://wx4.sinaimg.cn/large/761f3e86ly1ge5t5mikefj20k0140afl.jpg,,,2020-04-25,荣耀V10 我AI的快,3,15,1,,,1
4497489191071655,IEU8D4uML,美国海军在周五的声明中表示：在太平洋上执行任务的基德号驱逐舰(USS Kidd)上的18名船员被检测出感染了冠状病毒。 ,https://wx2.sinaimg.cn/large/761f3e86ly1ge5milxyaej20k00kjad1.jpg,,,2020-04-25,荣耀V10 我AI的快,1,0,1,,,1
4497483134839985,IETYRkj6h,【注射消毒剂?            川普的医疗建议困惑整个国家】这个注射消毒剂门，确实是对西方世界的极大讽刺。上亿张的选票居然选出这么个智障。新型冠状病毒，让整个世界赤裸裸！ ,https://wx2.sinaimg.cn/large/761f3e86ly1ge5la00rj5j20k0140gw2.jpg,,,2020-04-25,荣耀V10 我AI的快,1,1,1,,,1
4497201089098446,IEMDWCaV8,对病毒的恐惧，会放大内心的偏见随着疫情在印度蔓延，印度的一些穆斯林遭到了仇视伊斯兰的攻击，并被指控传播病毒。 ,https://wx2.sinaimg.cn/large/761f3e86ly1ge4ph9s1v2j20k00ptwje.jpg,,,2020-04-24,荣耀V10 我AI的快,1,0,0,,,1
4497145120110910,IELbG0sQS,【美国失业率至大萧条以来的最高】迄今为止，美国共计2600万人领取失业救济。在这种环境下，种族主义、民粹主义、阴谋论、谣言是不是会更有市场？ ,https://wx4.sinaimg.cn/large/761f3e86ly1ge4ir5cwatj20k0140493.jpg,,,2020-04-24,荣耀V10 我AI的快,1,0,0,,,1
4496761089630899,IEBcgEpr5,【前美国疫苗机构负责人:解雇我是出于报复】瑞克·布莱特博士表示，川普试图扩大羟氯喹在治疗新冠病毒的应用，遭到他的抵制，于是他被穿了小鞋。这是航母舰长被解职的续集？ ,https://wx4.sinaimg.cn/large/761f3e86ly1ge3auhd2ltj20k00qdwin.jpg,,,2020-04-23,荣耀V10 我AI的快,2,0,1,,,1
4496750095945696,IEAUxoWKk,【五角大楼希望墨西哥开放因冠状病毒而关闭的国防供应商工厂】墨西哥人命比美国的贱？ ,https://wx4.sinaimg.cn/large/761f3e86ly1ge39ga26i6j20k01eawkn.jpg,,,2020-04-23,荣耀V10 我AI的快,2,0,0,,,1
4496410231689161,IEs4n75qx,浙江大学的研究人员进行的一项研究发现，COVID-19已经有至少30种不同的变异。这种新型冠状病毒变异的能力之前被低估了。 ,https://wx4.sinaimg.cn/large/761f3e86ly1ge26n15swdj20k0140dq5.jpg,,,2020-04-22,荣耀V10 我AI的快,1,4,0,,,1
4496056194613742,IEiRljmfc,【油价转负，数百家美国石油公司将破产】根据Rystad Energy的数据，在油价20美元的环境下，533家美国石油勘探和生产公司将在2021年底前申请破产。若是10美元的价格，将有1100多家公司破产。川普会不会说这是个假油价？ ,https://wx4.sinaimg.cn/large/761f3e86ly1ge11uohaztj20k00nm77v.jpg,,,2020-04-21,荣耀V10 我AI的快,2,0,0,,,1
4496044068913138,IEixMBoIi,【美国油价首次跌至负值】周一，纽约原油价格首次出现负值，供过于求迫使交易商向他人支付购买该商品的费用。接着减产呗 ,https://wx2.sinaimg.cn/large/761f3e86ly1ge10j9rqufj20k0140dob.jpg,,,2020-04-21,荣耀V10 我AI的快,1,2,0,,,1
4495862610873097,IEdP73F8d,【研究表明：美国需要具备每天2千万次新冠病毒的测试能力，才能完全开放经济】专家认为必须具有检测、追踪和支持隔离系统，才可以完全开放经济。测试方面，美国至少具有每天测试2千万次的能力才可能应对。现在美国每天测试12万次。从测试盒的产能，到测试的成本，美国能否达到每天2千万次是个问题吧 ,https://wx4.sinaimg.cn/large/761f3e86ly1ge0f8i5awtj20k00urn25.jpg,,,2020-04-20,荣耀V10 我AI的快,1,0,0,,,1
4495784538215128,IEbNbyt84,【阿里巴巴将投资2000亿人民币用于云基础设施建设，以对抗亚马逊和微软】看准了方向，撸起袖子加油干！ ,https://wx3.sinaimg.cn/large/761f3e86ly1ge06qv2ex9j20k01400z0.jpg,,,2020-04-20,荣耀V10 我AI的快,2,0,0,,,1
4495695744380091,IE9tYinsD,周日，白宫冠状病毒应对协调员Deborah Birx博士在美国哥伦比亚广播公司节目中说：“我没有证据证明这是实验室事故，我也不知道它的确切起源。”她还算是有点职业操守的。 ,https://wx1.sinaimg.cn/large/761f3e86ly1gdzwe8skezj20k00fxack.jpg,,,2020-04-20,荣耀V10 我AI的快,2,0,0,,,1
4495451724538216,IE38oj2B2,【武汉实验室主任否认与病毒有关】这次以美国为首的西方媒体诬陷由于武汉病毒所泄露导致了全球的疫情，比1993年的银河号事件还要恶劣。银河号事件美方是有情报的，只不过情报是错误的。而此次，他们为了推卸自己抗疫不力的责任而诬陷中国，至今没有任何明确的证据，完全是无中生有，可耻至极！ ,https://wx1.sinaimg.cn/large/761f3e86ly1gdz4acwwuqj20k0140wph.jpg,,,2020-04-19,荣耀V10 我AI的快,1,0,0,,,1
4495376944229554,IE1bMhKiC,白宫冠状病毒应对协调员Deborah Birx的一张图表显示了世界各国的死亡率，中国的死亡率最低。Birx说：“我把中国放在那里，你可以看到这是多么不现实”这组数据确实有问题。不要总是怀疑中国的分子数，为啥不怀疑自己的分母数呢？这组数据恰恰证明西方的检测数远远低于实际感染人数。 ,https://wx2.sinaimg.cn/large/761f3e86ly1gdyv6f59t2j20k00dgtao.jpg,,,2020-04-19,荣耀V10 我AI的快,1,0,0,,,1
4494967986845015,IDQyasIHt,马克龙对英国《金融时报》表示:“我尊重中国的选择和所做的事，但是，不要天真地说中国在处理疫情上做得更好”马克龙还说，西方民主国家不能在新冠病毒大流行时抛弃“基本DNA”，并驳斥了在健康危机中威权政府更可取的说法。马克龙真是抗疫不忘讲政治啊 ,https://wx1.sinaimg.cn/large/761f3e86ly1gdxkvf5qykj20k00oxacz.jpg,,,2020-04-18,荣耀V10 我AI的快,3,47,0,,,1
4494960642825329,IDQmkbQZP,【科学家有强有力的证据证明：                    冠状病毒是自然产生的】然而，某些政客有更强有力的渴望：冠状病毒是中国人造的。 ,https://wx2.sinaimg.cn/large/761f3e86ly1gdxk37anlvj20k00vwgq1.jpg,,,2020-04-18,荣耀V10 我AI的快,1,0,2,,,1
4494953822528371,IDQbkaBKb,【世卫组织警告：没有证据表明抗体测试可以表示冠状病毒免疫】那些急于取消隔离的政府会怎么看呢？ ,https://wx1.sinaimg.cn/large/761f3e86ly1gdxj6t6al7j20k0140n3e.jpg,,,2020-04-18,荣耀V10 我AI的快,1,0,0,,,1
4494726235808623,IDKgfon5t,AP：武汉疫情死亡人数增加了1290人CNBC：武汉调高疫情死亡总数FOX：武汉疫情死亡人数增加约50%同一件事情，立场不同，看法就会不同。 ,"https://wx2.sinaimg.cn/large/761f3e86ly1gdwt4d9z2qj20k00logn2.jpg,https://wx3.sinaimg.cn/large/761f3e86ly1gdwt4dhsgtj20k00pvtbi.jpg,https://wx4.sinaimg.cn/large/761f3e86ly1gdwt4dpbmyj20j80mfgox.jpg",,,2020-04-17,荣耀V10 我AI的快,2,0,0,,,1
4494715133027022,IDJYlcHsW,【新加坡单日新增728例，创历史新高】出来混总是要还的！ ,https://wx1.sinaimg.cn/large/761f3e86ly1gdwryyapqrj20k0140wkp.jpg,,,2020-04-17,荣耀V10 我AI的快,1,0,0,,,1
4494674439656500,IDIUHEw60,【当冠状病毒在亚洲传播时，西方有提前做好准备的时间。为什么没有用?】“许多国家政府把疫情负责归咎于北京，虽然最初的事情和缺乏透明度会延迟国际反应。但是，最迟在2月我们了解了病毒，其严重性和传播能力被广为人知，但某些国家仍然没有或拒绝采取行动” ,"https://wx3.sinaimg.cn/large/761f3e86ly1gdwmxi3b4xj20k00nltc2.jpg,https://wx3.sinaimg.cn/large/761f3e86ly1gdwn56w4l5j20k0140thw.jpg,https://wx1.sinaimg.cn/large/761f3e86ly1gdwn576pzlj20k0140wo5.jpg",,,2020-04-17,荣耀V10 我AI的快,0,0,0,,,1
4494321442938431,IDzJmckq3,【中国收购“脆弱”欧洲科技公司的“机会为零”，欧盟敦促各国入股】因疫情蔓延，欧洲电信和半导体行业的主要科技公司股价普遍下跌。这可能使它们在中国收购面前不堪一击。欧盟竞争事务专员玛格丽特·维斯特勒建议各国考虑采取行动。欧洲各国真有钱的话，会搞群体免疫？ ,https://wx2.sinaimg.cn/large/761f3e86ly1gdvik7r9g9j20k01g80ze.jpg,,,2020-04-16,荣耀V10 我AI的快,1,0,0,,,1
4494252878513707,IDxWLzINR,【佩洛西称Zoom是“一个中国实体”，其实，它是一家美国公司，CEO是美国人】造成这种误解，除了竞争对手的运作，CEO是个华人，公司在中国有研发团队是重要原因。看来在这些美国政客眼里，“中国”即原罪。 ,https://wx4.sinaimg.cn/large/761f3e86ly1gdvamitpz5j20k01400z2.jpg,,,2020-04-16,荣耀V10 我AI的快,0,3,1,,,1
4493888930191276,IDotL0NL6,【实验表明                 新冠病毒能在高温下长时间存活】来自法国的AIX-Marseille大学的Remi Charrel教授和他的同事们报告：新型冠状病毒可以被加热到60℃整整一个小时，之后仍然可以复制一些存活的病毒株。 ,https://wx1.sinaimg.cn/large/761f3e86ly1gdu4xao5obj20k0140n9p.jpg,,,2020-04-15,荣耀V10 我AI的快,0,0,0,,,1
4493882488224915,IDojmyvFV,“围绕他曾经淡化这场危机，无视政府成员关于危机潜在严重性的警告，川普一直在寻求将责任归咎于其他地方，包括世界卫生组和新闻媒体。”——CNN ,https://wx2.sinaimg.cn/large/761f3e86ly1gdu4c6pnwxj20k00lvwhg.jpg,,,2020-04-15,荣耀V10 我AI的快,0,0,0,,,1
4493542603282441,IDftadLUB,【东西海岸的州长们协商经济何时重新开放】周一，纽约州、新泽西州、康涅狄格州、宾夕法尼亚州、特拉华州、罗德岛州和马萨诸塞州商讨设计重新开放的计划。周一晚些时候，西海岸的加利福尼亚州、华盛顿州和俄勒冈州也宣布，他们将联手推出一项重开计划。各州本是同林鸟，大难临头各自飞？ ,https://wx1.sinaimg.cn/large/761f3e86ly1gdt127191tj20k00n0juw.jpg,,,2020-04-14,荣耀V10 我AI的快,3,15,5,,,1
4493512340699850,IDeGm2W3U,【川普对中国加征的关税               让美国抗疫付出更高的代价】彼得森国际经济研究所的数据显示，关键的医疗产品仍然面临7.5%的关税，而用于抗疫的11亿美元进口产品仍然面临川普25%的关税。什么叫搬起石头砸自己的脚？ ,https://wx2.sinaimg.cn/large/761f3e86ly1gdsxqskv5tj20k01tlqf5.jpg,,,2020-04-14,荣耀V10 我AI的快,3,0,0,,,1
4493235982562335,ID7uCaKzZ,【纽约房地产大亨、川普的朋友Stanley Chera死于冠状病毒】这会给川普带来什么改变？川普会内疚吗？ ,https://wx4.sinaimg.cn/large/761f3e86ly1gds20j8osjj20k0140qbt.jpg,,,2020-04-13,荣耀V10 我AI的快,0,3,17,,,1
4493166575597591,ID5GFnubJ,【加拿大和法国表示，捐赠口罩不会影响在华为和5G上的决策】华为给欧洲和加拿大捐赠口罩，被说成是为了推销产品，那么，华为给纽约捐赠口罩是为了啥呢？西方某些人这种以小人之人度君子之腹，在这次抗疫中表现的淋漓尽致！ ,https://wx3.sinaimg.cn/large/761f3e86ly1gdrtzxih5kj20k0140jy4.jpg,,,2020-04-13,荣耀V10 我AI的快,2,0,0,,,1
4492966820873611,ID0uu3Fgv,【教皇独自在病毒带来的悲伤中庆祝复活节】在周六晚上的复活节守夜活动中，方济各敦促信徒们不要让新型冠状病毒的黑暗和悲伤夺走他们对美好未来的希望。他说：“今晚，我们获得了一项永远不会被剥夺的基本权利：希望的权利。”阿门！ ,https://wx4.sinaimg.cn/large/761f3e86ly1gdr6vu7qdoj20k0140qc4.jpg,,,2020-04-12,荣耀V10 我AI的快,0,0,0,,,1
4492423495860305,ICMm9oAx3,拒绝封城的瑞典据瑞典卫生部统计，截至4月8日，每100万瑞典公民中有67人死于冠状病毒。挪威每百万人中有19人死亡，芬兰每百万人中有7人死亡。 ,https://wx4.sinaimg.cn/large/761f3e86ly1gdpgka7x3yj20k00hc77l.jpg,,,2020-04-11,荣耀V10 我AI的快,1,0,0,,,1
4492247955347927,ICHN1mreT,【法国戴高乐号航母上已有50名新冠感染者】这艘航母正在前往土伦母港的途中。从这个角度来讲，新冠病毒比谁都有资格拿诺贝尔和平奖。 ,https://wx3.sinaimg.cn/large/761f3e86ly1gdowfq6nwcj20k0140tii.jpg,,,2020-04-10,荣耀V10 我AI的快,1,0,0,,,1
4492094691423181,ICDNP5Yex,"【由于墨西哥拒绝达成协议，OPEC及其盟国历史性的石油减产遭遇障碍】最初OPEC同意每日减产1,000万桶（占其产量1/5，占全球供应总量的10%）。其他产油国每日减产500万桶。由于墨西哥的反对，协议待定。 ",https://wx3.sinaimg.cn/large/761f3e86ly1gdoetkpvihj20k01andmk.jpg,,,2020-04-10,荣耀V10 我AI的快,1,0,0,,,1
4492058335640003,ICCRbnFdN,【美国已有1700万人失业】据说预计将有3000万人失业。如果真是这样，川普连任悬了！ ,https://wx2.sinaimg.cn/large/761f3e86ly1gdoaskhlqnj20k014049p.jpg,,,2020-04-10,荣耀V10 我AI的快,2,3,16,,,1
4491695498142383,ICtpXyacL,【美情报部门           11月就警告冠状病毒将在中国蔓延】ABC 报道；早在去年11月下旬，美国情报官员就警告说，这种新型冠状病毒正在中国武汉地区蔓延，对当地人民和日常生活构成威胁。11月😱11月😱11月😱 ,https://wx1.sinaimg.cn/large/761f3e86ly1gdn504gzmyj20k00lsad8.jpg,,,2020-04-09,荣耀V10 我AI的快,6,3,1,,,1
4491559099873939,ICpRXFqF5,【印度确诊病例超过5000例】到目前为止，印度进行了12万次测试，确诊病例超过5000例，149人死亡。 ,https://wx2.sinaimg.cn/large/761f3e86ly1gdmpgd1354j20k00o041d.jpg,,,2020-04-08,荣耀V10 我AI的快,1,0,0,,,1
4491335220521777,ICk2S2bJL,【川普威胁扣留WHO的资金】周二，川普说WHO偏袒中国，因此将给WHO断供。随后，他又否认说过此话。川普真是个性情中人啊，心直口快！ ,https://wx4.sinaimg.cn/large/761f3e86ly1gdlzm9sf4rj20k0140gvd.jpg,,,2020-04-08,荣耀V10 我AI的快,0,0,0,,,1
4491048090706754,ICczL2XRg,【代理海军部长为            称被解职的航空母舰长“愚蠢”而道歉】嘿嘿，果然扛不住了 ,https://wx4.sinaimg.cn/large/761f3e86ly1gdl2sfbo46j20jy0qawj3.jpg,,,2020-04-07,荣耀V10 我AI的快,2,0,0,,,1
4490969841523730,ICaxy6ooi,【新西兰卫生部长违反封锁令，却保住工作】新西兰卫生部长大卫·克拉克和家人驱车20公里前往海滩，此行为明显违反了本国的封锁令。总理阿德恩说：“现在我的首要任务是抗疫。我们不能承受卫生部门或我们的应对出现大规模混乱。仅仅因为这个原因，克拉克博士将继续他的角色”看看人家这罚酒三杯 ,https://wx3.sinaimg.cn/large/761f3e86ly1gdktkakmdlj20k014047a.jpg,,,2020-04-07,荣耀V10 我AI的快,1,0,0,,,1
4490962791375317,ICamb5LMx,【英国首相约翰逊进ICU】 ,https://wx1.sinaimg.cn/large/761f3e86ly1gdkt0gkz48j20k014046b.jpg,,,2020-04-07,荣耀V10 我AI的快,0,0,0,,,1
4490808604814535,IC6lukctN,英国首相发言人说：约翰逊没有上呼吸机 ,https://wx3.sinaimg.cn/large/761f3e86ly1gdkbaw4o0bj20k0140dnz.jpg,,,2020-04-06,荣耀V10 我AI的快,0,2,0,,,1
4490695429932537,IC3oWFFUd,3月25日至4月14日，印度铁路暂停全国客运。这是亚洲最古老的铁路网167年来首次停运。随着疫情蔓延，印度决定将2万节旧火车车厢改造成病人隔离病房。印度加油！ ,https://wx4.sinaimg.cn/large/761f3e86ly1gdjxxrci47j20k00boq4f.jpg,,,2020-04-06,荣耀V10 我AI的快,0,2,0,,,1
4490625711523927,IC1Av6ort,【五角大楼被要求提供85辆冷藏卡车，10万个尸袋以应对疫情】美国联邦紧急事务管理署要求国防部提供85辆冷藏车和10万个尸袋来协助州卫生机构。周四，美国防部证实了联邦应急管理局的申请。对于美国人的傲慢与偏见，惩罚是如此冷酷！ ,https://wx4.sinaimg.cn/large/761f3e86ly1gdjq1jg1cdj20jt0k240y.jpg,,,2020-04-06,荣耀V10 我AI的快,1,0,0,,,1
4490620003060334,IC1ricQ8e,【美国人将迎来了人生中                    “最艰难、最悲伤”的一周】这个预言与其说是警告，不如说是希望。 ,https://wx1.sinaimg.cn/large/761f3e86ly1gdjplfcvddj20k01407d8.jpg,,,2020-04-06,荣耀V10 我AI的快,0,0,0,,,1
4490320857343619,IBTENuOpt,【川普把美国人的生命交到中国手里】作者给川普扣了那么大一顶帽子，主要理由是：当前美国急需的呼吸机、口罩等抗疫物资只能从中国采购。问题是：美国人能象中国人这样辛勤劳动，并且拿中国人这么低的工资吗？如果不能，那么制造业就不可能回流美国。美国人的命不在中国手里，也会在别人手里！ ,https://wx4.sinaimg.cn/large/761f3e86ly1gdiqjuvl6bj20k0140qds.jpg,,,2020-04-05,荣耀V10 我AI的快,1,0,0,,,1
4490270181456957,IBSl4671j,【纽约收到中国捐赠的呼吸机                          川普想贪天功为己有】支撑AP头版头条标题的证据，居然是川普“暗示”他在这事上出过力。笔杆子杀人不见血啊！ ,https://wx4.sinaimg.cn/large/761f3e86ly1gdil8dkk52j20k0140jwj.jpg,,,2020-04-05,荣耀V10 我AI的快,1,2,0,,,1
4490254495089341,IBRVLllY9,【新加坡关闭学校和大部分工作场所】周五新加坡总理李显龙宣布：除了提供基本服务的工作场所外，关闭所有学校和工作场所。他还表示，政府正在重新考虑“只有那些生病的人才需要戴口罩”的建议。这是否意味着新加坡模式的破产？ ,https://wx3.sinaimg.cn/large/761f3e86ly1gdijjgvro5j20k01o6wlj.jpg,,,2020-04-05,荣耀V10 我AI的快,1,0,0,,,1
4490068507305851,IBN5MuEAj,【死神敲响了印度的门】周三，亚洲最大的贫民窟之一印度金融之都孟买的达拉维贫民窟，一名56岁的男子死于冠状病毒。周四，在达拉维的一名52岁的清洁工也被检测出冠状病毒阳性。达拉维贫民窟人口约100万，人口密度几乎是纽约的30倍，每平方公里约28万人。 ,https://wx2.sinaimg.cn/large/761f3e86ly1gdhxz86ddtj20k00pigq0.jpg,,,2020-04-04,荣耀V10 我AI的快,1,6,0,,,1
4489885815851802,IBIl7oyjU,【暴风雨中没有港口：澳大利亚要求受病毒感染的游轮滚回家】澳大利亚周五坚称：不会让多艘感染了病毒的游轮入境。并对它没有履行法律和道德义务的说法置之不理。有十几艘船驶离了澳大利亚海岸，船上载有大约1万5千名人员，其中有人感染了冠状病毒。在病毒面前，爱在哪里？人道主义又在哪里？ ,https://wx2.sinaimg.cn/large/761f3e86ly1gdhd0714u4j20k01407do.jpg,,,2020-04-04,荣耀V10 我AI的快,3,1,1,,,1
4489879553168854,IBIb1dimy,【Fauci和Birx是如何让特朗普听从科学的】从中国抗疫开始，到新加坡、英国、意大利、印度、美国乃至全球的抗疫过程，政府决策时的犹豫、摇摆和反复，原因都是相同的：生命价值与生产价值的冲突与取舍。那些对武汉封城不吝最大恶意猜测的人，是否也用同样的恶意去猜测一下美国呢？ ,https://wx3.sinaimg.cn/large/761f3e86ly1gdhc6mhguoj20k00xcjxb.jpg,,,2020-04-04,荣耀V10 我AI的快,1,0,0,,,1
4489525298635013,IByXDAemp,【航母舰长在敲锣报警后被撤职】美国海军称，舰长布雷特·克罗齐尔任由对船舶病毒爆发的担忧“压倒了他的专业能力”一个舰长不务正业去敲锣，撤职活该！ ,https://wx2.sinaimg.cn/large/761f3e86ly1gdg7qyxfraj20k00wdn2v.jpg,,,2020-04-03,荣耀V10 我AI的快,3,5,2,,,1
4489522215922871,IBySFoQOb,【川普表示结束价格战后，油价飙升】在川普发推文称沙特和俄罗斯可能减产1500万桶原油后，布伦特原油价格达到每桶36.29美元，上涨近46%，西德克萨斯中质原油价格飙升约35%，至27.39美元可见，美国对沙特的掌控力还在。 ,https://wx4.sinaimg.cn/large/761f3e86ly1gdg7exa73dj20k0140gtp.jpg,,,2020-04-03,荣耀V10 我AI的快,0,0,0,,,1
4489175426147335,IBpRkpNcz,【印度封城对空气污染产生了巨大的影响】新德里官方数据显示，pm2.5的平均浓度在一周内下降了71%，从3月20日的每立方米91微克降至27日的26微克。二氧化氮从每立方米52微升降到15微升，降幅也达到了71%。对此，印度该喜还是悲？我只能一声叹息！ ,https://wx4.sinaimg.cn/large/761f3e86ly1gdf3fqs4nsj20k0140wnj.jpg,,,2020-04-02,荣耀V10 我AI的快,0,0,0,,,1
4489160364250460,IBpt2hPJO,【川普说中国感染的人数看起来“很轻”，他不知道中国是否少报了】周三，川普在白宫新闻发布会上被问及中国的数据是否准确时说：“我不是中国的会计师”新闻报道就成了酱紫，难怪川普都说他们是假新闻！瞒报的帽子没扣上，现在又弄出少报这顶帽子。欲加之罪何患无辞？ ,https://wx4.sinaimg.cn/large/761f3e86ly1gdf1l7ceqvj20k00q1q7e.jpg,,,2020-04-02,荣耀V10 我AI的快,0,0,1,,,1
4488836967551679,IBh3qvGxh,【印度农民工离开大城市的混乱场面】印度封城后，大批农民工失去了工作和收入，一夜之间成了流离失所的难民，他们只能回农村的家。缺乏管理、资源和技术的有力支撑，封城的结果也许就是人道主义的危机！ ,https://wx1.sinaimg.cn/large/761f3e86ly1gde0nlmz7ij20k0140wqc.jpg,,,2020-04-01,荣耀V10 我AI的快,0,0,4,,,1
4488815445832669,IBguIotlj,这个为啥被关小黑屋？ ,https://wx3.sinaimg.cn/large/761f3e86ly1gddyff3wqvj20k0140wq0.jpg,,,2020-04-01,荣耀V10 我AI的快,2,2,0,,,0
4488808952860703,IBgkfc0cn,【美国防部长：罗斯福号航母上人员不会因为爆发疫情被撤离】周一，罗斯福号舰长在写给海军的信中说：“这需要一个政治解决方案，但这是正确的事情。我们没有处于战争状态。水手们不需要死亡。”这艘航母上周停靠在关岛，此前几名船员的检测呈阳性。目前船上有近200个病例。 ,https://wx3.sinaimg.cn/large/761f3e86ly1gddxfeqjqfj20k0140wol.jpg,,,2020-04-01,荣耀V10 我AI的快,0,0,1,,,1
4488797909616196,IBg2qElBW,【奥地利政府因滑雪胜地爆发疫情而面临2500名游客提起的诉讼】这是一个信号，“瞒报”、“武汉肺炎”之类的最终目的已经昭然若揭。以怨报德者已经提着刀在赶来的路上了，中国准备好了吗？ ,https://wx3.sinaimg.cn/large/761f3e86ly1gddw1tib71j20k0140498.jpg,,,2020-04-01,荣耀V10 我AI的快,0,0,0,,,1
4488513192005732,IB8Dd8pMw,【川普反驳蓬佩奥             淡化所谓外国冠状病毒虚假宣传活动】周一，川普在被问及有关中国、俄罗斯和伊朗试图误导公众了解致命流感来源和美国对此的反应时，特朗普反驳说，他对媒体的报道表示怀疑。总统公开打国务卿的脸，挺好玩的！ ,https://wx3.sinaimg.cn/large/761f3e86ly1gdczjakmupj20k014011q.jpg,,,2020-03-31,荣耀V10 我AI的快,1,0,0,,,1
4488452550870783,IB73p3EwT,【世卫组织建议：如果你没病或没有照顾病人，就不要戴口罩】周一，世卫突发卫生事件规划执行主任Mike Ryan在日内瓦的新闻发布会上说：“没有证据表明，大众戴口罩有任何潜在的好处”他又说:“目前受到这种病毒威胁最大的是一线的卫生工作者。一想到他们没有戴口罩，我就觉得可怕”听明白了吗？ ,https://wx2.sinaimg.cn/large/761f3e86ly1gdcsg3ncwaj20k0140dq9.jpg,,,2020-03-31,荣耀V10 我AI的快,1,0,0,,,1
4488431255824381,IB6v3orbD,"【川普说，俄罗斯向美国派遣了“非常、非常大的飞机”供应物资，以对抗冠状病毒】川普周一在白宫每日新闻发布会上说：“中国给我们寄来了一些东西，非常棒。俄罗斯给我们送来了非常非常大的飞机装载的东西，医疗设备，非常好，”Very,Very Large  ",https://wx3.sinaimg.cn/large/761f3e86ly1gdcq65xoajj20k01e2th7.jpg,,,2020-03-31,荣耀V10 我AI的快,1,2,0,,,1
4488428119021962,IB6pZBR1w,【川普和普京讨论油价暴跌及冠状病毒】狗大户与毛熊打价格战，第一个喊疼的居然是美国。 ,https://wx2.sinaimg.cn/large/761f3e86ly1gdcpn8x5n2j20k0140qc1.jpg,,,2020-03-31,荣耀V10 我AI的快,0,0,0,,,1
4488105581261605,IAY1M5ict,【俄罗斯如何利用独裁技术控制冠状病毒】文章说毛熊的独裁技术包括：人脸识别，社交网络数据和手机信号定位。CNN是变身标题党了，还是又在玩双标？ ,https://wx4.sinaimg.cn/large/761f3e86ly1gdbopfr7k6j20k00mdn0l.jpg,,,2020-03-30,荣耀V10 我AI的快,0,0,0,,,1
4488078749693297,IAXkuEFFv,【川普：美疫情死亡高峰可能在两周内出现】川普把政府的“社交距离”时限延长至4月30日，以减缓病毒的传播。他放弃了之前设定的复活节目标，预计美国将在6月1日前“很好地走上复苏之路”。这次会不会还是计划赶不上变化？ ,https://wx4.sinaimg.cn/large/761f3e86ly1gdbll6p1r1j20k0140k1w.jpg,,,2020-03-30,荣耀V10 我AI的快,0,0,0,,,1
4487460161391238,IAHeM5PVk,【为了保障医疗供应，各国禁止或限制出口】疫情以来，全球60多国家对相关医疗用品限制或禁止出口。包括面罩、口罩、防护服、呼吸机、消毒剂、手套、护目镜和棉签等等。一个国家的抗疫能力，主要包含三个方面，1.政府的行动力，2.已有的医疗资源，3.医疗用品的生产能力。中美的差距很明显吧？ ,https://wx2.sinaimg.cn/large/761f3e86ly1gd9m3vqasbj20k00ih41w.jpg,,,2020-03-28,荣耀V10 我AI的快,0,0,1,,,1
4487348123426712,IAEk4enry,【美国防部报告了600多冠状病毒感染病例                                       及2例死亡病例】在652宗个案中，343人是现役军人，135人是文职人员，111名家属和63名承包商。其中包括37例治愈和2例死亡。因为感染者年轻，所以死亡率比较低？ ,https://wx4.sinaimg.cn/large/761f3e86ly1gd99mt1rukj20k0140n3l.jpg,,,2020-03-28,荣耀V10 我AI的快,3,2,7,,,1
4487329223574522,IADPAeZTA,【美国冠状病毒病例超过10万                                  三天内翻了一番】米国加油！米国加油！米国加油！ ,https://wx2.sinaimg.cn/large/761f3e86ly1gd97pagycoj20k0140tez.jpg,,,2020-03-28,荣耀V10 我AI的快,1,4,0,,,1
4487327819071168,IADNjC3Pa,【道琼斯指数周五下跌逾900点】美股周五大幅下跌，结束了华尔街又一个动荡的一周。道指下跌915点，至21636点，跌幅4.1%。标准普尔500指数下跌3.4%，至2541点，纳指下跌3.7%，收于7502点。2万亿美元俄刺激计划也就撑了3天。不解决疫情这个根本原因，有多少钱都填不满这个坑！ ,https://wx1.sinaimg.cn/large/761f3e86ly1gd976ue5h5j20k0140n5u.jpg,,,2020-03-28,荣耀V10 我AI的快,4,0,0,,,1
4486999371301974,IAvfz5sHA,【为什么中美不能团结起来抗击疫情】1.美方认为抗疫是零和游戏，它体现了体制的优势、威力和效率，担心北京可能会在国际危机中成为全球领导者。2.川普通过指责中国转移国内的注意力，逃避抗疫不力的责任。 ,https://wx1.sinaimg.cn/large/761f3e86ly1gd85efa12rj20ir0cl0ul.jpg,,,2020-03-27,荣耀V10 我AI的快,116,27,150,,,1
4486982653163693,IAuOBdh1j,【道指上涨超过1300点            创1931年以来的最大三连涨】在美参议院通过了大规模经济刺激法案后，投资者对首次申请失业救济人数破纪录的消息不以为然，美股市周四连续第三天上涨。道指上涨1351点，收于22552点，涨幅6.4%。过去三天，道指上涨了20%以上。这针强心剂能坚持多久呢？ ,https://wx2.sinaimg.cn/large/761f3e86ly1gd83ojfx3zj20k0140102.jpg,,,2020-03-27,荣耀V10 我AI的快,1,13,0,,,1
4486978999593924,IAuIHEfOI,"【  America  First  】据约翰霍普金斯大学汇编的数据显示，周四晚间美国确诊感染人数为82,404人，超过中国的81,782人，意大利为80,589人。 ",https://wx2.sinaimg.cn/large/761f3e86ly1gd83dxod19j20k014044t.jpg,,,2020-03-27,荣耀V10 我AI的快,1,11,9,,,1
4486635897136563,IAlNjtWxR,分享图片 ,https://wx2.sinaimg.cn/large/761f3e86ly1gd704immyqj20k0140tko.jpg,,,2020-03-26,荣耀V10 我AI的快,0,4,0,,,1
4486620948665819,IAlpcAmnh,【美国推动将“武汉病毒”纳入七国集团共同声明失败】“周三，美国务院在G7关于冠状病毒的外长会议后，企图将“武汉病毒”一词塞进联合声明中遭到了拒绝。”失道寡助，自取其辱！ ,https://wx1.sinaimg.cn/large/761f3e86ly1gd6y3mfzd4j20k014011x.jpg,,,2020-03-26,荣耀V10 我AI的快,49,9,165,,,1
4486451024615479,IAgZ8jmHd,【对于沙特将俄罗斯挤出石油市场的计划，川普当时是同意的】3月9日川普与沙特王储通电话，对于沙特打击毛熊的计划是同意的。但是，他没想到石油价格会打到这么低，直接孟把美国页岩气商弄死。是当时沙特没讲清楚，还是川普没听明白，就不得而知了。反正搬起石头砸了自己的脚，真疼！ ,https://wx2.sinaimg.cn/large/761f3e86ly1gd6emaz5aij20k0140gve.jpg,,,2020-03-25,荣耀V10 我AI的快,0,4,1,,,1
4486253262848663,IAbQabX4b,【川普警告暂停将摧毁国家】川普说“我们每年有成千上万的人死于流感。我们不会让这个国家暂停”“汽车事故带来的损失远不止这些。我们没有给汽车公司打电话，要求他们停止生产汽车”川普在接受Fox电视台访谈节目时明确表示，他认为封城是反应过度，他希望美国在复活节前开放。希望他只是说说而已！ ,https://wx3.sinaimg.cn/large/761f3e86ly1gd5rm82ia0j20k0140wo9.jpg,,,2020-03-25,荣耀V10 我AI的快,0,0,1,,,1
4486246376371165,IAbF3qJqJ,"【当美国会接近达成一项针对冠状病毒的刺激方案，道指创1933年来单日最高反弹】道指收盘上涨了2,112.98点，收于20,704.91点，涨幅超过11%。标准普尔500指数反弹9.4%。纳斯达克综合指数上涨8.1%。股市大起大落的震荡，标志着经济远离了正常的轨道。 ",https://wx1.sinaimg.cn/large/761f3e86ly1gd5r5aflwyj20k0140aja.jpg,,,2020-03-25,荣耀V10 我AI的快,1,0,0,,,1
4485905135576818,IA2MFnoMG,【波兰不允许俄罗斯向意大利运送救援物资的飞机通过其领空】俄罗斯援助对象是波兰在欧盟和北约的盟友。这架飞机在飞往意大利时需要绕行，比途经波兰领空至少多飞行3000公里。波兰不可理喻的程度不输台湾啊！ ,https://wx4.sinaimg.cn/large/761f3e86ly1gd4nve8q2cj20k0140482.jpg,,,2020-03-24,荣耀V10 我AI的快,38,23,28,,,1
4485898294552017,IA2BDj6bD,【为什么西方在抗击冠状病毒上失败了】之前，在既无疫苗，也无有效药物的情况下，中国采取了唯一正确的隔离措施。西方从媒体到政府无视科学，完全从意识形态出发，批判中国的措施是没有人权，限制自由。疫情在西方爆发后，他们不愿意把自己刚拉的屎趁热吃下去，于是，就有了现在的失败 ,https://wx3.sinaimg.cn/large/761f3e86ly1gd4n5az6ekj20k00pjn1m.jpg,,,2020-03-24,荣耀V10 我AI的快,1,0,0,,,1
4485542320082232,IzTlu0lok,【一个朋友在四楼的窗口给他们主持婚礼】Reilly Jennings和Amanda Wheeler 周五在曼哈顿华盛顿高地附近的一条小街上举行了婚礼。在疫情蔓延之际，人们依然充满了希望和爱！ ,https://wx1.sinaimg.cn/large/761f3e86ly1gd3icumazcj20k00huq64.jpg,,,2020-03-23,荣耀V10 我AI的快,0,0,0,,,1
4485528969875131,IzSZWFqYj,【美期货熔断】道指期货下跌超过900点，跌幅5%，达到“跌停”水平。标准普尔500指数和纳斯达克100指数期货也下跌了5%左右。美国原油期货价格也下跌了4%以上，进一步加剧了上周的大幅下跌。 ,https://wx3.sinaimg.cn/large/761f3e86ly1gd3gxfkxxdj20k01407dn.jpg,,,2020-03-23,荣耀V10 我AI的快,0,1,1,,,1
4485352624314090,IzOpwi6i6,【中国（驻南非）大使赞同希拉里·克林顿指责川普用“种族主义言论”来转移公众对政府冠状病毒反应迟缓的注意力】最近还会有人给外交部寄钙片吗？ ,https://wx4.sinaimg.cn/large/761f3e86ly1gd2wkfommyj20je0gcgod.jpg,,,2020-03-22,荣耀V10 我AI的快,0,2,0,,,1
4485180876044761,IzJWvpmw9,【朝鲜说收到了川普的来信】川普在信中表示愿意帮助朝鲜抗击疫情最近朝鲜放的二踢脚还是有点用哈 ,https://wx2.sinaimg.cn/large/761f3e86ly1gd2cy7y4jqj20k0140wo0.jpg,,,2020-03-22,荣耀V10 我AI的快,1,0,0,,,1
4485178301273538,IzJSm5liW,【《华盛顿邮报》：川普无视美国情报部门在1月和2月关于冠状病毒的报告】疫情真的将是川普的滑铁卢？ ,https://wx4.sinaimg.cn/large/761f3e86ly1gd2cctt6m9j20k01407dq.jpg,,,2020-03-22,荣耀V10 我AI的快,0,0,0,,,1
4484942094288563,IzDJnhZEn,【美国寻求降低中国商品进口关税，以助于抗击冠状病毒】美国贸易代表办公室说，这是“保持我国抗击冠状病毒大流行”努力的一部分。美国贸易代表办公室最近批准了针对中国某些医疗产品的“301条款”关税豁免，包括医用口罩、检查手套和消毒湿巾人在矮檐下不得不低头啊    ,https://wx1.sinaimg.cn/large/761f3e86ly1gd1lbxlunzj20jp14ltdg.jpg,,,2020-03-21,荣耀V10 我AI的快,0,0,0,,,1
4484841745429774,IzB7wmMx0,【五角大楼说，美国欧洲司令部的2600人在自我隔离，其中35人检测呈阳性】美军这种群体，比较符合群体免疫的条件。还隔离干嘛？大家都得上，看看群体免疫的理论是否好使呗。@鱼觉兽一号 你觉得呢？ ,https://wx4.sinaimg.cn/large/761f3e86ly1gd19spt4muj20k0140drb.jpg,,,2020-03-21,荣耀V10 我AI的快,1,0,0,,鱼觉兽一号,1
4484822044695251,IzABKjHrR,【当需求激增时           美国的医疗用品进口却直线下降】“美国医疗用品严重短缺，包括检测棉签、防护口罩、手术服和洗手液在内的所有药品”把冠状病毒说成中国病毒，能带来这些短缺的医疗用品吗？通过选票选出代表大多数人利益的机制，却造就出为了选票漠视大多数人生命的总统，这是体制问题吗？ ,https://wx3.sinaimg.cn/large/761f3e86ly1gd17dusukvj20k0140aif.jpg,,,2020-03-21,荣耀V10 我AI的快,0,0,0,,,1
4484813069631219,IzAngEpwf,【必须滴！           川普出于政治原因                   将冠状病毒称为“中国病毒”】“川普非常清楚自己在做什么。他正在利用根深蒂固的印象和对他人的恐惧，来摆脱这场危机中可能落在他身上的任何指责。” ,https://wx1.sinaimg.cn/large/761f3e86ly1gd16nt1acij20k0140th7.jpg,,,2020-03-21,荣耀V10 我AI的快,0,0,0,,,1
4484671662811793,IzwHcbNtv,【口罩外交：中国尝试改写病毒叙事】“到目前为止，川普领导的美国政府未能提供任何有意义的国际回应，而欧盟忙于自己内部的回应，为中国填补空白提供了一个独特的机会”此疫一定会改变世界格局，人算不如天算！ ,https://wx3.sinaimg.cn/large/761f3e86ly1gd0qa0t2wwj20k0140dpa.jpg,,,2020-03-20,荣耀V10 我AI的快,3,0,1,,,1
4484551931913950,IztA581Ua,【川普完败的想象力                  导致美国人民失去生命和财富】美国选出川普当总统是偶然还是必然？ ,https://wx1.sinaimg.cn/large/761f3e86ly1gd0comvmvvj20a080knpd.jpg,,,2020-03-20,荣耀V10 我AI的快,0,0,0,,,1
4484459321901173,IzraI7YA5,【道指期货下跌400点，反转了周四的涨势】资本市场剧烈动荡，美国疫情几近失控，蓝媒体揪着川普之前“可防可控类流感”的言论不放，焦头烂额的川普想把这锅甩给中国，不仅无益反而有害！ ,https://wx4.sinaimg.cn/large/761f3e86ly1gd01uu8cw4j20k014046y.jpg,,,2020-03-20,荣耀V10 我AI的快,0,1,2,,,1
4484448185845362,IzqSKowE2,【川普的简报中“冠状病毒””被换成“Chinese”】照片由《华盛顿邮报》网站Botzord拍摄满满的故意，目的是什么呢？ ,https://wx2.sinaimg.cn/large/761f3e86ly1gd00ty125yj20k01407ep.jpg,,,2020-03-20,荣耀V10 我AI的快,0,0,0,,,1
4484447284048469,IzqRigZbT,【油价从周三的暴跌中反弹，上涨23%，创历史最好单日涨幅】美国原油价格周四上涨逾23%，创有记录以来的最大单日涨幅，收复了周三暴跌造成的一半以上的跌幅。美国西德克萨斯中质原油上涨23.8%，收于每桶25.22美元，涨幅4.85美元。国际基准布伦特原油价格上涨14.4%，至每桶28.47美元，涨幅3.59美元。 ,https://wx4.sinaimg.cn/large/761f3e86ly1gd00nq2ypej20k0140dp9.jpg,,,2020-03-20,荣耀V10 我AI的快,0,0,0,,,1
4484305508441105,IznaCzpUR,【美国疾控中心顾问说：                可能会有数以百万计的美国人                                          死于新型冠状病毒】                😱😱😱😱😱 ,https://wx4.sinaimg.cn/large/761f3e86ly1gczkdczzpgj20k019cn2e.jpg,,,2020-03-19,荣耀V10 我AI的快,1,0,0,,,1
4484278085750359,Izmsoo7VJ,【美国政府正在准备应对可长达18个月的冠状病毒大流行，包括“多波次疫情”】美国政府这种准备打持久战的态度很端正。18个月够长了，不出意外的话，疫苗应该可以完成研发投入使用了。 ,https://wx1.sinaimg.cn/large/761f3e86ly1gczh2q9skvj20k0140n8l.jpg,,,2020-03-19,荣耀V10 我AI的快,0,0,0,,,1
4484114180399049,Izic21FOh,【欧洲央行宣布大规模经济刺激计划后                                  道指期货上涨400点】截至美东时间晚上8点29分，道指期货上涨347点，意味着开盘价上涨450.08点。强心针有效了？💉 ,https://wx1.sinaimg.cn/large/761f3e86ly1gcyycjn4a1j20k0140wo8.jpg,,,2020-03-19,荣耀V10 我AI的快,0,0,0,,,1
4484085982214863,Izhsy9ibB,星期三   全球股市和石油市场大幅下跌道指遭遇又一次惨重下跌，自2017年以来首次收于2万点以下巴黎和法兰克福股市下跌超过5.0%，伦敦股市下跌4.0%，此前亚洲股市走低纽约WTI原油期货价格下跌24%，至每桶20.37美元，为2002年以来最低对抗经济寒冬最有效的体制在哪里？ ,https://wx2.sinaimg.cn/large/761f3e86ly1gcyv2fpbt9j20k0140n91.jpg,,,2020-03-19,荣耀V10 我AI的快,3,0,0,,,1
4484080994971392,IzhkvkRhK,【英国考虑部分封锁伦敦】说好的“群体免疫”呢？ ,https://wx3.sinaimg.cn/large/761f3e86ly1gcyun0pdtvj20k0140tix.jpg,,,2020-03-19,荣耀V10 我AI的快,0,0,0,,,1
4483729102026530,Iz8aW8vbY,【中国宣布对美国媒体采取报复性措施】CNN这个标题还是非常客观准确的对中国的行动报道后，也报道了被涉及到的几家媒体的哀嚎。美国政府打击中国媒体时你们装死，现在中方报复打击到你们身上，活该不？ ,https://wx4.sinaimg.cn/large/761f3e86ly1gcxq1t7msdj20k01407fs.jpg,,,2020-03-18,荣耀V10 我AI的快,3,1,1,,,1
4483722684853100,Iz80AkmvO,【中国驱逐美国记者            这是近年来规模最大的一次打击行动】文章报道了中方的措施和立场。也报道了蓬佩奥的态度，他说这将妨碍新闻自由。美方对中国采取的行动，就不妨碍新闻自由咩？ ,https://wx1.sinaimg.cn/large/761f3e86ly1gcxpd84yscj20k0140th4.jpg,,,2020-03-18,荣耀V10 我AI的快,10,49,2,,,1
4483376196625075,IyYZJrNu3,【美国航空公司寻求500亿美元纾困                     全球航空公司纷纷取消航班】英国航空和西班牙航空的所有者伊比利亚航空宣布削减75%的飞行能力德国汉莎航空表示，它将削减长途航班90%英国维珍大西洋航空将其75%的机队停在机场，4月这一比例将高达85%谁都别高兴的太早，特别是幸灾乐祸时！ ,https://wx3.sinaimg.cn/large/761f3e86ly1gcwlgm0o1jj20k0140gur.jpg,,,2020-03-17,荣耀V10 我AI的快,0,3,0,,,1
4483364998320626,IyYHFyUzE,蓬佩奥果然是来自讨没趣的，中方怼的好！[加油] ,https://wx2.sinaimg.cn/large/761f3e86ly1gcwkfh39tej20k01pu4al.jpg,,,2020-03-17,荣耀V10 我AI的快,1,2,1,,,1
4483361873619623,IyYCDfbD1,"道指创下1987年“黑色星期一”股市崩盘以来的最大单日跌幅，收盘下跌2,997.10点，至20,188.52点，跌幅12.9%。标准普尔500指数下跌12%，至2,386.13点，创下自2018年12月以来的最低水平。纳斯达克综合指数下跌12.3%，收于6,904.59点，创历史新低。“信心比黄金重要”——温家宝 ",https://wx3.sinaimg.cn/large/761f3e86ly1gcwk06xkp4j20k0140n6g.jpg,,,2020-03-17,荣耀V10 我AI的快,1,0,0,,,1
4483227433209123,IyV7NdsQ3,【交易熔断后继续下跌                     标准普尔500指数下跌至9%】尽管美联储推出大规模货币刺激计划，但美国股市周一仍大幅下跌。这是资本对美国抗疫政策投出的不信任票？ ,https://wx4.sinaimg.cn/large/761f3e86ly1gcw4ipn78cj20k0140n2r.jpg,,,2020-03-16,荣耀V10 我AI的快,0,0,0,,,1
4483214435598586,IyUMPnurM,周一上午，德国已经关闭了与奥地利、瑞士、法国、卢森堡和丹麦的边境。尽管柏林不是第一个实施边境限制的欧洲国家，但此举标志着德国总理默克尔政策的180度大转弯。 ,https://wx1.sinaimg.cn/large/761f3e86ly1gcw33xm91qj20k00p442e.jpg,,,2020-03-16,荣耀V10 我AI的快,0,0,0,,,1
4483010160097041,IyPtm0pfb,"【尽管美联储大幅降息，股指期货仍然下跌触及“极限”，道指期货下跌1000点】Bleakley咨询集团的投资总监说：“天上掉下来再多的钱也无法治愈这种病毒。"" ",https://wx4.sinaimg.cn/large/761f3e86ly1gcvfkm6p5rj20k0140th3.jpg,,,2020-03-16,荣耀V10 我AI的快,0,3,0,,,1
4483004183252598,IyPjIdE9g,【美联储将利率降至零以支持经济】中国抗疫给全球其他国家贡献了宝贵的准备时间。西方政客们却没能把疫情扼杀在萌芽状态。事到如今，这些措施是不是杯水车薪呢？ ,https://wx3.sinaimg.cn/large/761f3e86ly1gcvelbzorkj20k0140tik.jpg,,,2020-03-16,荣耀V10 我AI的快,0,0,0,,,1
4482637790065827,IyFML0h7J,【英国正在冠状病毒上进行一场豪赌                     没人知道它是否有效】英国类似于听天由命的做法，是对疫情的认识所致，还是应对疫情的能力所限？“历史的一粒灰尘，落在普通人身上都是一座大山”“每个死者都有名字，有家庭！不是数字！开始有些人在家里隔离死了，连数字都算不上！ ” ,https://wx1.sinaimg.cn/large/761f3e86ly1gcu8eoiggaj20k00jm41y.jpg,,,2020-03-15,荣耀V10 我AI的快,0,0,1,,,1
4482423306116430,IyAcOpFa6,【为了应对冠状病毒，在3月27日前苹果将关闭在中国之外的所有门店】苹果表示已经从中国的疫情中明白：“降低病毒传播风险的最有效方法是降低人群密度，扩大社交距离。”苹果是个优等生！ ,https://wx2.sinaimg.cn/large/761f3e86ly1gctk6govp1j20k0187tdx.jpg,,,2020-03-14,荣耀V10 我AI的快,0,0,0,,,1
4482262735388622,Iyw1PmBPg,【川普宣布美国进入紧急状态】川普：前几任总统没有留下足够的新型冠状病毒测试盒，现在疫情蔓延了，关宝宝屁事？！ ,https://wx2.sinaimg.cn/large/761f3e86ly1gct1pstgtpj20jp0nqadt.jpg,,,2020-03-14,荣耀V10 我AI的快,2,0,0,,,1
4482255449333417,IyvQ4Da2Z,周五美国负责东亚和太平洋事务的助理国务卿史迪威召见了中国驻美大使崔天凯，指责中国在新型冠状病毒问题上“公然在全球范围内”散布虚假信息。此前，中国外交部发言人在其个人推特上表示，美国军方可能把新型冠状病毒带到了武汉。只许州官放火，不许百姓点灯！说好的言论自由呢？ ,https://wx4.sinaimg.cn/large/761f3e86ly1gct0x6btefj20k00mjq5v.jpg,,,2020-03-14,荣耀V10 我AI的快,0,1,0,,,1
4482107478701413,IyrZpAvDn,【股市在经历87年崩盘以来最糟糕的一天后大幅上涨，标准普尔500指数期货触及“上限”】美国股指期货周五在震荡交投中大涨，标准普尔500指数期货跃升超过5%，达到“涨停”水平。道指期货上涨超过1000点。纳斯达克100指数期货也大幅上涨。 ,https://wx2.sinaimg.cn/large/761f3e86ly1gcsjt4ndk9j20k0140gv4.jpg,,,2020-03-13,荣耀V10 我AI的快,1,1,1,,,1
4481998146185780,Iyp94pXcE,【加拿大总理特鲁多的妻子                     新型冠状病毒检测呈阳性】 ,https://wx1.sinaimg.cn/large/761f3e86ly1gcs7e96vxzj20k0140dnb.jpg,,,2020-03-13,荣耀V10 我AI的快,0,0,0,,,1
4481918118144061,Iyn3ZyaDP,【FOX新闻在冠状病毒上是如何误导观众的】文章从FOX说疫情可防可控、危害不及流感替川普站台背书，到FOX把防控疫情政治化，说夸大疫情的都是居心叵测，是为了打击川普阻止连任………美国左右媒体撕咬，从下嘴的角度到遣词造句，中国的吃瓜群众是多么似曾相识啊！ ,https://wx3.sinaimg.cn/large/761f3e86ly1gcrxx8vuzej20k0140tk6.jpg,,,2020-03-13,荣耀V10 我AI的快,0,0,0,,,1
4481905200084412,IymJa0lXu,"美国金融市场周四进一步下跌，道指下跌2,350点，跌幅近10%，创下1987年“黑色星期一”暴跌逾22%以来的最大单日跌幅。标准普尔500指数和纳斯达克指数也分别下跌了9.51%和9.43%，标普500指数也进入了熊市区域。周四开盘时，标普500指数暴跌逾7%，触发了15分钟的“熔断机制”。 ",https://wx4.sinaimg.cn/large/761f3e86ly1gcrwp4jwn2j20k00qjdkm.jpg,,,2020-03-13,荣耀V10 我AI的快,1,0,0,,,1
4481775847540408,IyjmwvDBu,突发新闻：为应对冠状病毒，美国国会决定在4月1日前国会大厦、参众两院的办公大楼停止对公众开放。【美国股市开盘时暴跌7%，再次熔断】 ,https://wx4.sinaimg.cn/large/761f3e86ly1gcrhvpwvvij20k0182dki.jpg,,,2020-03-12,荣耀V10 我AI的快,0,5,1,,,1
4481636429474224,IyfJEDKG4,【在犹他爵士队球员冠状病毒检测呈阳性后                          NBA无限期暂停赛季】此时此刻，有人会想起去年的香港风波？此时此刻，有人会想起去年的中美贸易战？天作孽，犹可怜。自作孽，不可活！ ,https://wx1.sinaimg.cn/large/761f3e86ly1gcr1qxr4h4j20k0140agk.jpg,,,2020-03-12,荣耀V10 我AI的快,0,0,0,,,1
4481552962993981,Iydz2cyS1,"【道琼斯指数跌入熊市】这意味着道指较近期高点下跌了20%。道指收盘下跌5.9%，至1,465点。在当天的最低点，该指数下跌了1690点。标准普尔500指数下跌4.9%。在下午的交易中，该指数一度跌至熊市区域。纳斯达克综合指数收盘下跌4.7%。 ",https://wx4.sinaimg.cn/large/761f3e86ly1gcqsaq9u6aj20k01400z0.jpg,,,2020-03-12,荣耀V10 我AI的快,0,0,0,,,1
4481547086580325,IydpyrBQh,世界卫生组织周三把这次新型冠状病毒疫情称为一次大流行，并发出严厉警告说，这种疾病在全球的蔓延和严重程度是由于“令人震惊的不作为”。是谁不作为？他们为啥不作为？是体制妨碍了作为，还是国力限制了作为？或者是为了一己之私故意不作为？ ,https://wx4.sinaimg.cn/large/761f3e86ly1gcqrimr45fj20k01407dx.jpg,,,2020-03-12,荣耀V10 我AI的快,1,0,0,,,1
4481195377181951,Iy4ghu8lV,【利西奇四球帮助亚特兰大进入欧冠8强】55000个空座位营造了一种超现实的气氛，病毒在蔓延，生活还是要继续。 ,https://wx4.sinaimg.cn/large/761f3e86ly1gcpn42dfpaj20k0140dqz.jpg,,,2020-03-11,荣耀V10 我AI的快,0,0,0,,,1
4480818179413178,IxUrTDuNs,【美国股市历史上最糟糕的一天】道指下跌了2013.76点，创有史以来最大跌幅。其7.8%的跌幅是2008年10月15日以来的最大跌幅。纳斯达克综合指数下跌7.29%，标准普尔500指数下跌6.63%，都是自2008年12月1日以来的最大跌幅。这是谁的“切尔诺贝利”？？？ ,https://wx2.sinaimg.cn/large/761f3e86ly1gcofmeugquj20k0140qcc.jpg,,,2020-03-10,荣耀V10 我AI的快,2,4,0,,,1
4480685051942534,IxQZb89lc,道指开盘时平均下跌超过1800点，标准普尔500指数下跌7%。大规模的抛售在早盘交易中触发了关键市场的熔断机制。交易暂停15分钟，直到美国东部时间上午9点49分。市场出于极度恐慌中！ ,https://wx3.sinaimg.cn/large/761f3e86ly1gco0kxdqd9j20k0140dn9.jpg,,,2020-03-09,荣耀V10 我AI的快,1,6,0,,,1
4480556189887312,IxNDkFu8M,【欧佩克协商失败引发价格战                美国原油价格跌破每桶28美元】美国西德克萨斯中质原油(West Texas Intermediate)下跌33.16%，每桶27.59美元。国际基准布伦特原油期货价格也下跌了30.33%，每桶31.54美元难怪有人惊呼：油价比冠状病毒更让人担心！ ,https://wx2.sinaimg.cn/large/761f3e86ly1gcnlrf3cxkj20k0140tgz.jpg,,,2020-03-09,荣耀V10 我AI的快,0,0,0,,,1
4480475080590167,IxLww2twP,【道指期货下跌超过900点】股票期货在周日晚上再次下跌：道指期货周日早盘下跌逾970点，跌幅3.8%标准普尔(INX)期货下跌约4%纳斯达克(COMP)期货下跌3.7%在中国即将迎来春天之际，西方正步入寒冬？ ,https://wx1.sinaimg.cn/large/761f3e86ly1gcncepqwf2j20k00k077m.jpg,,,2020-03-09,荣耀V10 我AI的快,1,0,0,,,1
4480469917455969,IxLobvhDz,【欧佩克协议失败引发价格战                                       油价暴跌30%】全球经济开始发高烧了，医生在哪里？ ,https://wx2.sinaimg.cn/large/761f3e86ly1gcnbv805dzj20k0140wmk.jpg,,,2020-03-09,荣耀V10 我AI的快,0,0,0,,,1
4479909826887021,IxwOOsTCZ,【NBA告诉球队要为没有观众的比赛做准备                      勒布朗•詹姆斯说没戏】没有观众参与的比赛，显然是不完整的，也是缺乏魅力的。国内某些综艺节目已经证明了这一点。 ,https://wx2.sinaimg.cn/large/761f3e86ly1gclja86tnwj20k0140wp3.jpg,,,2020-03-07,荣耀V10 我AI的快,0,0,0,,,1
4479765480010135,Ixt4002Dt,【全球90个国家的病毒感染病例超过10万例                                  市场暴跌】体会一下什么叫“人类命运共同体”吧！当初中国全力抗击疫情时，那些落井下石的，幸灾乐祸的，冷嘲热讽的，隔岸观火的有没有觉得自己是个傻B呢？ ,https://wx4.sinaimg.cn/large/761f3e86ly1gcl2xljco5j20k0140k1w.jpg,,,2020-03-07,荣耀V10 我AI的快,0,0,0,,,1
4479388173352033,Ixjfre413,【美国实验室正在等待                  政府承诺的病毒测试工具】中国确诊第一例新型冠状病毒患者后，不到一个月就开始大量提供测试盒。如此牛逼的美国，怎么到现在还没有足够的测试盒呢？当初隔岸观火，欢呼疫情有利于美国制造业和就业的时候，怎么就没想到给自己准备一桶水呢？ ,https://wx2.sinaimg.cn/large/761f3e86ly1gcjvd6p8r8j20k0140the.jpg,,,2020-03-06,荣耀V10 我AI的快,0,0,0,,,1
4479379448693350,Ixj1mAtxk,【道琼斯指数下跌超过950点，                 华尔街的过山车已经持续一周】祝大家玩的愉快！ ,https://wx1.sinaimg.cn/large/761f3e86ly1gcjuo2scgmj20k0140ak4.jpg,,,2020-03-06,荣耀V10 我AI的快,0,0,0,,,1
4479093720528054,IxbAw2dn0,【美议员谈抖音的网络安全风险】主持听证会的参议员乔希·霍利表示将提出一项法案，禁止所有美国政府设备使用抖音，称其“对美国人民构成重大安全风险”。美国土安全部网络安全官员布赖恩·威尔表示，抖音的数据可能会成为中国利用的大型数据库的一部分。那些喷中国墙非死不可和推特的，能理解吗？ ,https://wx2.sinaimg.cn/large/761f3e86ly1gcixn6lkpjj20k0140th7.jpg,,,2020-03-05,荣耀V10 我AI的快,0,0,0,,,1
4479019242535280,Ix9EoaDxC,【拜登获胜后股市反弹，道琼斯指数飙升超过1100多点，联合健康指数上涨10%】拜登党内选举小赢，拉升道指1000多点。不懂股市的我，只能认为目前的股市是在人为炒作之中。 ,https://wx4.sinaimg.cn/large/761f3e86ly1gcip8r9delj20k0140qcw.jpg,,,2020-03-05,荣耀V10 我AI的快,0,0,0,,,1
4478663594294946,Ix0oLi1jk,【川普与塔利班政治领袖巴拉达通了电话】现在的阿富汗政府是否会成为第二个1975年的南越政府？ ,https://wx3.sinaimg.cn/large/761f3e86ly1gchkh68wjtj20k0140gv3.jpg,,,2020-03-04,荣耀V10 我AI的快,0,0,0,,,1
4478652639189706,Ix075CyF4,【美联储降息未能阻止市场恐慌                                         道指下跌2.9%】周二，在美联储紧急降息后，股市大幅下跌，道指下跌785点。显然美联储的降息并没有使市场恢复信心。是美联储的力度不够，还是各国央行没有联动？或者只是资本市场本身的行为？ ,https://wx3.sinaimg.cn/large/761f3e86ly1gchj1gdcdpj20k0140k24.jpg,,,2020-03-04,荣耀V10 我AI的快,0,2,0,,,1
4478469569924495,IwVlOFDOv,【日本奥林匹克大臣；           奥运会可以在2020年内任何时间举行】这是暗示这届奥运会有可能推迟？其实也不能推迟太多，毕竟是夏季奥运会，很多项目不适合在冬季举行。 ,https://wx4.sinaimg.cn/large/761f3e86ly1gcgy2owwi5j20k0140th5.jpg,,,2020-03-03,荣耀V10 我AI的快,1,0,0,,,1
4478296098083248,IwQQ1xUOY,"【因市场预期央行将对经济施以援手                                  道琼斯指数上涨5%】道指数周一飙升近1,300点，涨幅5%，创2009年以来单日升幅最高。市场预计各国央行将采取措施保护全球经济免受冠状病毒爆发的影响，股市从七天的暴跌中大幅反弹。 ",https://wx4.sinaimg.cn/large/761f3e86ly1gcge7kh8zuj20k0140wot.jpg,,,2020-03-03,荣耀V10 我AI的快,1,0,0,,,1
4478292381780372,IwQK27t9G,【土耳其在叙利亚北部启动“和平之春行动”】【俄不保证土耳其在Idlib空中的安全】【美不给土耳其在Idlib提供空中支援】埃苏丹除了难民潮还有啥招？ ,"https://wx2.sinaimg.cn/large/761f3e86ly1gcgdlg9rgxj20k0140ti9.jpg,https://wx1.sinaimg.cn/large/761f3e86ly1gcgdlgjegaj20k0140131.jpg,https://wx2.sinaimg.cn/large/761f3e86ly1gcgdlgxbmnj20k01407de.jpg",,,2020-03-03,荣耀V10 我AI的快,0,2,0,,,1
4477936851564601,IwHuB6z1v,【市场需要美联储来拯救他们                        但它的工具可能没啥用】即使美联储真的降息，也无法解决工厂停工、大家缩减消费带来的问题。解铃还须系铃人，控制住疫情，才是解救全球经济的不二法门。 ,https://wx4.sinaimg.cn/large/761f3e86ly1gcf8vec23bj20k00w3dlu.jpg,,,2020-03-02,荣耀V10 我AI的快,0,0,0,,,1
4477661461697404,IwAkq77zu,【埃尔多安要求普京“一边待着”                      让土耳其与叙利亚当面对决】埃苏丹真的急眼了，要疯？ ,https://wx1.sinaimg.cn/large/761f3e86ly1gceda69jtbj20k014013f.jpg,,,2020-03-01,荣耀V10 我AI的快,0,0,0,,,1
4477575579816688,Iwy5TFbLG,【博尔顿抨击川普与塔利班的’奥巴马式’协议】前国家安全顾问博尔顿抨击了他的前老板与塔利班签订的历史性和平条约，称其“对美国平民构成了不可接受的风险”。川普回应说：“如果听他的，我们现在可能在打第六次世界大战了”川普从来都不允许自己当个傀儡 ,https://wx4.sinaimg.cn/large/761f3e86ly1gce38pkfryj20k0140k1d.jpg,,,2020-03-01,荣耀V10 我AI的快,0,8,0,,,1
4477420206139748,Iwu3ipLec,【美国和塔利班签署结束阿富汗战争的协议】“根据该协议，美国将开始从阿富汗撤军，以换取塔利班承诺防止阿富汗成为发动恐怖袭击的基地。如果塔利班兑现承诺，所有美军将在14个月内撤离”美国终于撑不下去了，阿富汗真的是帝国的坟场啊！ ,https://wx2.sinaimg.cn/large/761f3e86ly1gcdlikd07yj20k0140480.jpg,,,2020-02-29,荣耀V10 我AI的快,0,0,0,,,1
4477213828899599,IwoGqBlbV,"【本周冠状病毒抹去美国股市3.18万亿市值】股市周五再度暴跌。三大股指本周均大幅回调，较近期高点下跌逾10%。道指自周一以来下跌近3,500点。前些天美国商务部长说这个疫情有利于美国就业和制造业，现在他还坚持这种看法吗？美国政客的鼠目寸光是天生的呢，还是体制造就的呢？ ",https://wx3.sinaimg.cn/large/761f3e86ly1gccxqe5li9j20k0140wkw.jpg,,,2020-02-29,荣耀V10 我AI的快,3,0,0,,,1
4476855094344448,IwflPiebK,【对病毒焦虑引发2011年最大单日跌幅】“道指下跌近1200点。标普500指数较一周前创下的历史高点下跌了12%。股市正走向2008年10月全球金融危机以来最糟糕的一周。”资本市场是真的恐慌了！在病毒即将蔓延之际，资本对西方体制的防控能力是真的没有信心吗？ ,https://wx1.sinaimg.cn/large/761f3e86ly1gcbsl3rbiyj20k0140tir.jpg,,,2020-02-28,荣耀V10 我AI的快,2,0,0,,,1
4476851915613181,IwfgHnyfb,【世卫组织说抗击病毒在世界蔓延正处于                        “决定性时刻”】这显然不是对中国成就的赞扬，而是对其他国家的警告。尽管之前有些国家有些人说了蠢话，做了蠢事，我们还是要祝他们好运。 ,https://wx4.sinaimg.cn/large/761f3e86ly1gcbs9h406fj20k014011q.jpg,,,2020-02-28,荣耀V10 我AI的快,0,0,0,,,1
4476489417922532,Iw5Q1xf0M,【川普任命彭斯负责应对冠状病毒                        称美国的风险“仍然很低”】没有谁比川普更了解新型冠状病毒了，可防可控妥妥滴！ ,https://wx4.sinaimg.cn/large/761f3e86ly1gcampvk8s2j20k01fbq9h.jpg,,,2020-02-27,荣耀V10 我AI的快,1,0,0,,,1
4476479662470704,Iw5AiamK4,【德里骚乱死亡人数上升至27人，                                      莫迪呼吁冷静】“德里发生了几十年来最严重的教派暴力冲突，造成至少27人死亡，并要求实行军事宵禁。”《公民身份法》修正案继续发酵中 ,https://wx1.sinaimg.cn/large/761f3e86ly1gcali8k6slj20k0140tki.jpg,,,2020-02-27,荣耀V10 我AI的快,1,0,0,,,1
4476193925007934,IvY9ql0N8,《印度斯坦时报》在一篇社论中评论印度欢迎川普活动：“没有哪个国家的领导人会为印度举办这样的活动，也没有哪个印度总理会为这样的活动慷慨陈词。”“壮观的场面和美妙的声音抵得上一千份协议。”东方耍嘴皮子世家遇上了西方耍嘴皮子高手，真是让人大开眼界 ,https://wx3.sinaimg.cn/large/761f3e86ly1gc9oq2nma1j20k0140dqu.jpg,,,2020-02-26,荣耀V10 我AI的快,1,1,0,,,1
4476141714289585,IvWNdhZUR,【冠状病毒两天内             将美国股市市值抹去1.7万亿美元】这是过度恐慌，还是刚刚开始？ ,https://wx1.sinaimg.cn/large/761f3e86ly1gc9isysk2oj20k01ev7ah.jpg,,,2020-02-26,荣耀V10 我AI的快,0,0,0,,,1
4476129022436307,IvWsKadNh,“中国大规模的旅行限制，挨家挨户的检查，巨大的隔离病房和整个城市的封锁，为世界赢得了宝贵的时间来准备新病毒的全球传播。”难得在西方主流媒体上，有人替中国说了句公道话。世界还有救！！ ,https://wx2.sinaimg.cn/large/761f3e86ly1gc9h9spr00j20k0140jvu.jpg,,,2020-02-26,荣耀V10 我AI的快,0,0,0,,,1
4475614259958251,IvJ4tFMAX,【中国以外地区的冠状病毒感染病例激增                               道琼斯指数下跌800多点】截至美国东部时间上午8点35分，道琼斯工业平均指数期货下跌833点，开盘下跌826点。标准普尔500指数和纳斯达克100指数期货分别下跌2.7%和2.9%。 ,https://wx2.sinaimg.cn/large/761f3e86ly1gc7u5en7vij20k0140wmv.jpg,,,2020-02-24,荣耀V10 我AI的快,0,3,1,,,1
4475500757690141,IvG7pwgyx,【意大利、韩国冠状病毒感染人数激增                  伊朗至少8人死于冠状病毒 】国内疫情趋于稳定的之际，国外的疫情恶化了。之前我们的隔离使我们的生产停顿，之后他们的隔离将使我们的产品市场萎缩。这对世界经济将是多么沉重的打击啊😱😱😱另外，我们如何处理与他们的交往呢？ ,https://wx1.sinaimg.cn/large/761f3e86ly1gc7h04x94cj20k0140k1h.jpg,,,2020-02-24,荣耀V10 我AI的快,0,0,0,,,1
4475058267150414,IvuBIu09g,“美国官员说，数千个与俄罗斯有关的社交媒体账户已经联合行动，对新型冠状病毒发出警报，扰乱了全球抗击这种流行病的努力。这场虚假信息运动宣传了一些毫无根据的阴谋论，称美国是此次疫情的幕后黑手，想利用人们对健康的担忧，损害美国在世界各地的形象”类似的舆论战在中国网络上也是战况激烈啊！ ,https://wx4.sinaimg.cn/large/761f3e86ly1gc628y3za2j20k0140tic.jpg,,,2020-02-23,荣耀V10 我AI的快,1,2,0,,,1
4474674962240035,IvkDu9oJB,【由于对冠状病毒的担忧再次浮现                                     道指下跌超过200点】目前主要是担心冠状病毒在美国这些地方爆发吧？在病毒防疫方面，中国已经做到了仁至义尽，曾经幸灾乐祸、落井下石的自求多福吧！ ,https://wx1.sinaimg.cn/large/761f3e86ly1gc4u4hk1trj20k0140guj.jpg,,,2020-02-22,荣耀V10 我AI的快,0,0,0,,,1
4474653504588267,Ivk4SjfCj,“周四，乌克兰隔离从中国撤离的70多名人员的努力陷入混乱，当地居民反对此举，他们向被隔离人员乘坐的车辆投掷石块，并与警方发生冲突。”乌克兰沦落到今天这个样子，主要是它的人民不行！可怜之人必有可恨之处。 ,https://wx2.sinaimg.cn/large/761f3e86ly1gc4rt1zj53j20k00yggrc.jpg,,,2020-02-22,荣耀V10 我AI的快,1,0,0,,,1
4474419336580779,IvdZbrBXB,对于俄罗斯来讲，川普真的是它的最爱吗？对于我兔呢？还有波斯和朝鲜呢？ ,https://wx4.sinaimg.cn/large/761f3e86ly1gc411ny81ej20k0140n50.jpg,,,2020-02-21,荣耀V10 我AI的快,0,0,0,,,1
4474383575312811,Ivd3vmi6v,【川普显然不喜欢电影《寄生虫》】“川普总统显然不是《寄生虫》的粉丝，他最大的抱怨是这部电影是韩国拍摄的。”“美国至上”的观念已经融化在川普的血液里，并且落实在他所有的行动上。两次世界大战给人类带来的教训和启迪，是如此容易健忘？ ,https://wx2.sinaimg.cn/large/761f3e86ly1gc3wold52ij20k0140thi.jpg,,,2020-02-21,荣耀V10 我AI的快,0,0,5,,,1
4473597123338641,IuSB2e0x3,【川普反对禁止向中国出售喷气发动机】“川普总统周二通过推特表示，他反对阻止向中国出售喷气发动机的努力。特朗普的推文意在阻挠其政府内部一项限制通用电气和一家法国公司联合生产的发动机出口的提议。”真的没有人比川普更了解GE了！ ,https://wx4.sinaimg.cn/large/761f3e86ly1gc1ej3owgxj20k0140qby.jpg,,,2020-02-19,荣耀V10 我AI的快,0,2,0,,,1
4473227961532820,IuIZC6qKU,【中国卫生报告说，80%的患者是轻微的】我们是否应该检讨一下全国各地的防疫过程中有哪些不足。哪些属于反应迟缓？哪些是反应过度？ ,https://wx2.sinaimg.cn/large/761f3e86ly1gc083rl4zej20k0140wn6.jpg,,,2020-02-18,荣耀V10 我AI的快,1,0,0,,,1
4472950516820502,IuBM7sCk6,【川普威胁将中断与使用华为者情报共享】美驻德大使理查德·格伦内尔周日说，总统“指示我明确表示，任何国家选择使用不值得信任的5G供应商，都将危及我们在最高层共享情报和信息的能力。”“狼来了”到底要喊几遍呢？ ,https://wx2.sinaimg.cn/large/761f3e86ly1gbzc40519gj20k0140n4k.jpg,,,2020-02-17,荣耀V10 我AI的快,5,0,1,,,1
4472680781010113,IuuL44eM9,【NBA因香港风波损失数亿美元】这么大的窟窿怨谁呢？当时叫好的负责募捐不？ ,https://wx4.sinaimg.cn/large/761f3e86ly1gbyh9c1b1vj20k0140dow.jpg,,,2020-02-16,荣耀V10 我AI的快,0,0,0,,,1
4472484872621793,IupF5b02Z,【新增新冠病例数下降               世卫组织说中国为世界赢得了时间】西方媒体能够正面报道中国的疫情，也是不多见的事。 ,https://wx2.sinaimg.cn/large/761f3e86ly1gbxus3j3jwj20k0140n5d.jpg,,,2020-02-16,荣耀V10 我AI的快,0,0,0,,,1
4472180862026187,IuhKK8v6r,【佩洛西警告盟友“别接近华为”】她唯一说得出口的理由居然是：中西方的意识形态不同。意识形态如果能阻挡得了全球贸易，西方也不可能与中国做了七十多年的生意嘛。 ,https://wx1.sinaimg.cn/large/761f3e86ly1gbwvy5hqyej20k01g079u.jpg,,,2020-02-15,荣耀V10 我AI的快,0,0,0,,,1
4472167498313610,IuhpbySKu,【中国报告新增病例大幅下降】中国的疫情依然是全球媒体焦点中的焦点 ,https://wx1.sinaimg.cn/large/761f3e86ly1gbwuejy3srj20k014012w.jpg,,,2020-02-15,荣耀V10 我AI的快,0,0,0,,,1
4471799406395323,Iu7PuqPIn,【美国CDC：已经发往各地的新冠病毒测试盒有缺陷】美国疾病控制与预防中心(CDC)周三说，上周在全国范围内发放的200份covid19检测试剂盒可能无法得出确定的阳性或阴性结果。美国人会怎么看这件事？会不会说官员为了业绩不顾人民的死活？会不会说CDC腐败，让不合格的产品投入市场？ ,https://wx2.sinaimg.cn/large/761f3e86ly1gbvnulgzanj20k014048u.jpg,,,2020-02-14,荣耀V10 我AI的快,1,0,0,,,1
4471773498216234,Iu79HytpU,【美国对华为提出新的指控】美国联邦检察官周四宣布，司法部对华为及其几家子公司增加了新的刑事指控，指控该公司从美国竞争对手那里窃取商业机密；向伊朗提供了监视设备；试图隐瞒它在朝鲜的业务。看来欧洲对华为的放行，让美国狗急跳墙了！ ,https://wx2.sinaimg.cn/large/761f3e86ly1gbvl1fofvsj20k0140wmt.jpg,,,2020-02-14,荣耀V10 我AI的快,1,0,0,,,1
4471417644640336,ItXTKjta8,【世卫组织说中国的新冠疫情已经稳定，但警告这种情况有可能会有变化】谨慎乐观+战战兢兢 ,https://wx1.sinaimg.cn/large/761f3e86ly1gbug6zv669j20k0140gs1.jpg,,,2020-02-13,荣耀V10 我AI的快,0,0,0,,,1
4471048886458677,ItOiYr6cd,【为啥投资者不应将现在与SARS相提并论】1.中国经济占比从4%增长到16%，因此对世界经济影响大得多2.当时中国经济增长主要靠投资拉动，现在靠零售和服务3.基于1和2，隔离措施对于世界经济影响很大4.当时是伊战前夕，全球担心石油短缺 ,https://wx3.sinaimg.cn/large/761f3e86ly1gbt9o7zj7zj20k01pbwoq.jpg,,,2020-02-12,荣耀V10 我AI的快,1,0,0,,,1
4470704076772367,ItFkPspNJ,【投资者权衡NCP对经济的影响，                                          亚太股市上涨】一方面反映出疫情对经济影响是短暂和有限的这个特点，另一方面反映出对中国政府掌控局面的信心。 ,https://wx4.sinaimg.cn/large/761f3e86ly1gbs67jse5cj20k01407an.jpg,,,2020-02-11,荣耀V10 我AI的快,0,0,0,,,1
4470437264559405,Ityouj86N,【由于NCP防疫工作，中国一些地方的工厂继续停工】NCP的疫情对全球供应链、产业链和价值链都是重大冲击。当然，这个冲击比起某些美国坏B策划的中美脱钩可能带来的影响，还差的远呢！ ,https://wx4.sinaimg.cn/large/761f3e86ly1gbrbg839h4j20k01eagrr.jpg,,,2020-02-10,荣耀V10 我AI的快,2,0,0,,,1
4469999744006422,Itn0OgOfI,【NCP死亡人数超过SARS，新增病例下降】喜忧参半的一天，熬着！ ,https://wx1.sinaimg.cn/large/761f3e86ly1gbpxg2rr9hj20k00wgte4.jpg,,,2020-02-09,荣耀V10 我AI的快,1,0,0,,,1
4469690879295795,IteYDD0gb,【川普解雇了两名关键弹劾证人——亚历山大·温德曼和戈登·桑德兰】向川普吹个口哨后果如此严重，会不会在美国网络上引起海啸般的波涛呢？ ,https://wx3.sinaimg.cn/large/761f3e86ly1gboxz7q7dxj20k0140aiy.jpg,,,2020-02-08,荣耀V10 我AI的快,1,0,0,,,1
4469598113831550,Itcz1g4Lc,【因为英国的华为决定，                   川普在电话中“痛斥”约翰逊】“据一位知情人士透露，在上周英国宣布允许华为进入其5G网络后，川普总统在电话中“痛斥”了英国首相鲍里斯·约翰逊。” ,https://wx2.sinaimg.cn/large/761f3e86ly1gbon6d27m1j20k014047o.jpg,,,2020-02-08,荣耀V10 我AI的快,2,0,0,,,1
4469587183859234,ItchogbXI,【美国的冠状病毒旅行禁令可能会适得其反】文章从1.个人易于撒谎，2.国家间疫情信息交流障碍，3.经济后果严峻，4.地域和种族歧视可能性增加这四方面进行了分析。 ,https://wx4.sinaimg.cn/large/761f3e86ly1gbolyje389j20k014048z.jpg,,,2020-02-08,荣耀V10 我AI的快,0,0,0,,,1
4469255996724968,It3Fdsdte,【随着吹哨大夫之死，                全球对中国病毒的恐慌加剧】看看人家的标题，看看人家这配图，赚流量吃人血馒头的各大V和新媒体人学着点。 ,https://wx1.sinaimg.cn/large/761f3e86ly1gbnjtaweu7j20k0140dpy.jpg,,,2020-02-07,荣耀V10 我AI的快,2,3,0,,,1
4468614164209439,IsMY0hF4b,【川普利用国情咨文进行竞选；    佩洛西撕毁了演讲稿】前不久佩洛西曾说：“作为一名天主教徒，我讨厌你在问我时用“恨”这个词……我不恨任何人，我还一直为总统祈祷。所以别说这种话，别惹我！” ,https://wx1.sinaimg.cn/large/761f3e86ly1gbli8k0oj8j20k0140alh.jpg,,,2020-02-05,荣耀V10 我AI的快,0,0,0,,,1
4468358017651459,IsGiRw6uD,鼠年 • 立春留念 ,https://wx1.sinaimg.cn/large/761f3e86ly1gbkouuwp53j20k0140wn9.jpg,,,2020-02-04,荣耀V10 我AI的快,1,2,0,,,1
4468352094904688,IsG9jkzVS,Pantheon Macroeconomics 首席亚洲经济学家Freya Beamish说：中国今年的GDP增长可能到不了2%。这孙子是从哪个神经病院跑出来的呀？ ,https://wx1.sinaimg.cn/large/761f3e86ly1gbko5irgx3j20k0140tf4.jpg,,,2020-02-04,荣耀V10 我AI的快,0,0,0,,,1
4467783972841060,IsrmZbV5y,【本季度新型冠状病毒可能给中国经济造成600亿美元的损失。中国政府将不得不迅速采取行动，以避免更大的损失】“中国可能不得不减税、增加开支和降低利率，以防止冠状病毒的爆发对已经脆弱的经济造成严重破坏。” ,https://wx3.sinaimg.cn/large/761f3e86ly1gbiuw8ibcqj20k0140k3o.jpg,,,2020-02-03,荣耀V10 我AI的快,0,0,1,,,1
4467526505137079,IskFIlyo7,【加州大学伯克利分校在声明’仇外’是对冠状病毒的’常见’或’正常’反应后，面临强烈反对】患难见真情，该来的总会来。 ,https://wx2.sinaimg.cn/large/761f3e86ly1gbi18uudn8j20k0140gwf.jpg,,,2020-02-02,荣耀V10 我AI的快,1,0,0,,,1
4467423815696886,Isi05nU1g,【中国疫情爆发迫使现代暂停旗舰SUV生产】中国此次疫情将给世界经济带来很深的影响。大家在分享经济全球化红利的同时，也会被它的弊扎疼。但是，利远远大于弊。 ,https://wx2.sinaimg.cn/large/761f3e86ly1gbhpem798xj20k0140gwp.jpg,,,2020-02-02,荣耀V10 我AI的快,0,0,0,,,1
4467416820007740,IshOO020Q,【配有扬声器的无人机在中国的街道上巡逻】前几天，看那个无人机劝没戴口罩的农村老太太回家的小视频，感觉就是个段子。既然CNN都信了而且报道了，好吧，中国就这么🆒，怎么滴 ,https://wx3.sinaimg.cn/large/761f3e86ly1gbhona7zrlj20k0140481.jpg,,,2020-02-02,荣耀V10 我AI的快,3,0,0,,,1
4467104483082475,Is9H2cVTl,很多人不明白，已经倾全国之力帮助湖北、武汉了，怎么还处处告急甚至告罄呢？看看当年铁路春运照片，大家明白了吗？ ,https://wx3.sinaimg.cn/large/761f3e86ly1gbgou540vsj20o20diab0.jpg,,,2020-02-01,荣耀V10 我AI的快,2,1,1,,,1
4467081372277551,Is95L9yuH,"【因对冠状病毒担忧加剧，道指暴跌600点，这是自8月以来最糟糕的一天】道指数下跌603.41点，至28256.03点，跌幅2.1%，创去年8月以来的最大单日跌幅。标准普尔500指数下跌1.8%，至3,225.52点，创去年10月以来的最大单日跌幅。纳斯达克综合指数下跌1.6%，至9150.94点。 ",https://wx2.sinaimg.cn/large/761f3e86ly1gbgm6ycj5pj20k014046l.jpg,,,2020-02-01,荣耀V10 我AI的快,1,2,0,,,1
4467068990841526,Is8LN3wV0,【美国确诊第七例新型冠状病毒感染者，美国进入卫生紧急状态，采取强制隔离措施】前几天在CNN和纽约时报说武汉隔离侵犯人权的专家们出来走两步！ ,https://wx4.sinaimg.cn/large/761f3e86ly1gbgkr18ot2j20k0140ajm.jpg,,,2020-02-01,荣耀V10 我AI的快,0,0,1,,,1
